College_ID,Course_Name,Career_Domain,Degree_Level,Duration_Years,Mode,Eligibility_ID,Source
KA-ENG-009,B.Tech Computer Science Engineering,Technology & Computing,Undergraduate,4,Full-Time,ELIG-BTECH-CS,Course offerings based on official college websites and NIRF program lists. Verify current offerings with institution.
KA-ENG-009,B.Tech Electronics and Communication Engineering,Engineering,Undergraduate,4,Full-Time,ELIG-BTECH-ENG,Course offerings based on official college websites and NIRF program lists. Verify current offerings with institution.
KA-ENG-009,B.Tech Mechanical Engineering,Engineering,Undergraduate,4,Full-Time,ELIG-BTECH-ENG,Course offerings based on official college websites and NIRF program lists. Verify current offerings with institution.
KA-ENG-009,B.Tech Civil Engineering,Engineering,Undergraduate,4,Full-Time,ELIG-BTECH-ENG,Course offerings based on official college websites and NIRF program lists. Verify current offerings with institution.
KA-ENG-009,B.Tech Electrical Engineering,Engineering,Undergraduate,4,Full-Time,ELIG-BTECH-ENG,Course offerings based on official college websites and NIRF program lists. Verify current offerings with institution.
KA-ENG-009,B.Tech Chemical Engineering,Engineering,Undergraduate,4,Full-Time,ELIG-BTECH-ENG,Course offerings based on official college websites and NIRF program lists. Verify current offerings with institution.
KA-ENG-009,B.Tech Aerospace Engineering,Engineering,Undergraduate,4,Full-Time,ELIG-BTECH-ENG,Course offerings based on official college websites and NIRF program lists. Verify current offerings with institution.
KA-ENG-009,B.Tech Artificial Intelligence and Machine Learning,Technology & Computing,Undergraduate,4,Full-Time,ELIG-BTECH-CS,Course offerings based on official college websites and NIRF program lists. Verify current offerings with institution.
TN-ENG-001,B.Tech Computer Science Engineering,Technology & Computing,Undergraduate,4,Full-Time,ELIG-BTECH-CS,Course offerings based on official college websites and NIRF program lists. Verify current offerings with institution.
TN-ENG-001,B.Tech Electronics and Communication Engineering,Engineering,Undergraduate,4,Full-Time,ELIG-BTECH-ENG,Course offerings based on official college websites and NIRF program lists. Verify current offerings with institution.
TN-ENG-001,B.Tech Mechanical Engineering,Engineering,Undergraduate,4,Full-Time,ELIG-BTECH-ENG,Course offerings based on official college websites and NIRF program lists. Verify current offerings with institution.
TN-ENG-001,B.Tech Civil Engineering,Engineering,Undergraduate,4,Full-Time,ELIG-BTECH-ENG,Course offerings based on official college websites and NIRF program lists. Verify current offerings with institution.
TN-ENG-001,B.Tech Electrical Engineering,Engineering,Undergraduate,4,Full-Time,ELIG-BTECH-ENG,Course offerings based on official college websites and NIRF program lists. Verify current offerings with institution.
TN-ENG-001,B.Tech Chemical Engineering,Engineering,Undergraduate,4,Full-Time,ELIG-BTECH-ENG,Course offerings based on official college websites and NIRF program lists. Verify current offerings with institution.
TN-ENG-001,B.Tech Aerospace Engineering,Engineering,Undergraduate,4,Full-Time,ELIG-BTECH-ENG,Course offerings based on official college websites and NIRF program lists. Verify current offerings with institution.
TN-ENG-001,B.Tech Artificial Intelligence and Machine Learning,Technology & Computing,Undergraduate,4,Full-Time,ELIG-BTECH-CS,Course offerings based on official college websites and NIRF program lists. Verify current offerings with institution.
TS-ENG-001,B.Tech Computer Science Engineering,Technology & Computing,Undergraduate,4,Full-Time,ELIG-BTECH-CS,Course offerings based on official college websites and NIRF program lists. Verify current offerings with institution.
TS-ENG-001,B.Tech Electronics and Communication Engineering,Engineering,Undergraduate,4,Full-Time,ELIG-BTECH-ENG,Course offerings based on official college websites and NIRF program lists. Verify current offerings with institution.
TS-ENG-001,B.Tech Mechanical Engineering,Engineering,Undergraduate,4,Full-Time,ELIG-BTECH-ENG,Course offerings based on official college websites and NIRF program lists. Verify current offerings with institution.
TS-ENG-001,B.Tech Civil Engineering,Engineering,Undergraduate,4,Full-Time,ELIG-BTECH-ENG,Course offerings based on official college websites and NIRF program lists. Verify current offerings with institution.
TS-ENG-001,B.Tech Electrical Engineering,Engineering,Undergraduate,4,Full-Time,ELIG-BTECH-ENG,Course offerings based on official college websites and NIRF program lists. Verify current offerings with institution.
TS-ENG-001,B.Tech Chemical Engineering,Engineering,Undergraduate,4,Full-Time,ELIG-BTECH-ENG,Course offerings based on official college websites and NIRF program lists. Verify current offerings with institution.
TS-ENG-001,B.Tech Aerospace Engineering,Engineering,Undergraduate,4,Full-Time,ELIG-BTECH-ENG,Course offerings based on official college websites and NIRF program lists. Verify current offerings with institution.
TS-ENG-001,B.Tech Artificial Intelligence and Machine Learning,Technology & Computing,Undergraduate,4,Full-Time,ELIG-BTECH-CS,Course offerings based on official college websites and NIRF program lists. Verify current offerings with institution.
AP-ENG-001,B.Tech Computer Science Engineering,Technology & Computing,Undergraduate,4,Full-Time,ELIG-BTECH-CS,Course offerings based on official college websites and NIRF program lists. Verify current offerings with institution.
AP-ENG-001,B.Tech Electronics and Communication Engineering,Engineering,Undergraduate,4,Full-Time,ELIG-BTECH-ENG,Course offerings based on official college websites and NIRF program lists. Verify current offerings with institution.
AP-ENG-001,B.Tech Mechanical Engineering,Engineering,Undergraduate,4,Full-Time,ELIG-BTECH-ENG,Course offerings based on official college websites and NIRF program lists. Verify current offerings with institution.
AP-ENG-001,B.Tech Civil Engineering,Engineering,Undergraduate,4,Full-Time,ELIG-BTECH-ENG,Course offerings based on official college websites and NIRF program lists. Verify current offerings with institution.
AP-ENG-001,B.Tech Electrical Engineering,Engineering,Undergraduate,4,Full-Time,ELIG-BTECH-ENG,Course offerings based on official college websites and NIRF program lists. Verify current offerings with institution.
AP-ENG-001,B.Tech Chemical Engineering,Engineering,Undergraduate,4,Full-Time,ELIG-BTECH-ENG,Course offerings based on official college websites and NIRF program lists. Verify current offerings with institution.
AP-ENG-001,B.Tech Aerospace Engineering,Engineering,Undergraduate,4,Full-Time,ELIG-BTECH-ENG,Course offerings based on official college websites and NIRF program lists. Verify current offerings with institution.
AP-ENG-001,B.Tech Artificial Intelligence and Machine Learning,Technology & Computing,Undergraduate,4,Full-Time,ELIG-BTECH-CS,Course offerings based on official college websites and NIRF program lists. Verify current offerings with institution.
MH-ENG-001,B.Tech Computer Science Engineering,Technology & Computing,Undergraduate,4,Full-Time,ELIG-BTECH-CS,Course offerings based on official college websites and NIRF program lists. Verify current offerings with institution.
MH-ENG-001,B.Tech Electronics and Communication Engineering,Engineering,Undergraduate,4,Full-Time,ELIG-BTECH-ENG,Course offerings based on official college websites and NIRF program lists. Verify current offerings with institution.
MH-ENG-001,B.Tech Mechanical Engineering,Engineering,Undergraduate,4,Full-Time,ELIG-BTECH-ENG,Course offerings based on official college websites and NIRF program lists. Verify current offerings with institution.
MH-ENG-001,B.Tech Civil Engineering,Engineering,Undergraduate,4,Full-Time,ELIG-BTECH-ENG,Course offerings based on official college websites and NIRF program lists. Verify current offerings with institution.
MH-ENG-001,B.Tech Electrical Engineering,Engineering,Undergraduate,4,Full-Time,ELIG-BTECH-ENG,Course offerings based on official college websites and NIRF program lists. Verify current offerings with institution.
MH-ENG-001,B.Tech Chemical Engineering,Engineering,Undergraduate,4,Full-Time,ELIG-BTECH-ENG,Course offerings based on official college websites and NIRF program lists. Verify current offerings with institution.
MH-ENG-001,B.Tech Aerospace Engineering,Engineering,Undergraduate,4,Full-Time,ELIG-BTECH-ENG,Course offerings based on official college websites and NIRF program lists. Verify current offerings with institution.
MH-ENG-001,B.Tech Artificial Intelligence and Machine Learning,Technology & Computing,Undergraduate,4,Full-Time,ELIG-BTECH-CS,Course offerings based on official college websites and NIRF program lists. Verify current offerings with institution.
DL-ENG-001,B.Tech Computer Science Engineering,Technology & Computing,Undergraduate,4,Full-Time,ELIG-BTECH-CS,Course offerings based on official college websites and NIRF program lists. Verify current offerings with institution.
DL-ENG-001,B.Tech Electronics and Communication Engineering,Engineering,Undergraduate,4,Full-Time,ELIG-BTECH-ENG,Course offerings based on official college websites and NIRF program lists. Verify current offerings with institution.
DL-ENG-001,B.Tech Mechanical Engineering,Engineering,Undergraduate,4,Full-Time,ELIG-BTECH-ENG,Course offerings based on official college websites and NIRF program lists. Verify current offerings with institution.
DL-ENG-001,B.Tech Civil Engineering,Engineering,Undergraduate,4,Full-Time,ELIG-BTECH-ENG,Course offerings based on official college websites and NIRF program lists. Verify current offerings with institution.
DL-ENG-001,B.Tech Electrical Engineering,Engineering,Undergraduate,4,Full-Time,ELIG-BTECH-ENG,Course offerings based on official college websites and NIRF program lists. Verify current offerings with institution.
DL-ENG-001,B.Tech Chemical Engineering,Engineering,Undergraduate,4,Full-Time,ELIG-BTECH-ENG,Course offerings based on official college websites and NIRF program lists. Verify current offerings with institution.
DL-ENG-001,B.Tech Aerospace Engineering,Engineering,Undergraduate,4,Full-Time,ELIG-BTECH-ENG,Course offerings based on official college websites and NIRF program lists. Verify current offerings with institution.
DL-ENG-001,B.Tech Artificial Intelligence and Machine Learning,Technology & Computing,Undergraduate,4,Full-Time,ELIG-BTECH-CS,Course offerings based on official college websites and NIRF program lists. Verify current offerings with institution.
GJ-ENG-001,B.Tech Computer Science Engineering,Technology & Computing,Undergraduate,4,Full-Time,ELIG-BTECH-CS,Course offerings based on official college websites and NIRF program lists. Verify current offerings with institution.
GJ-ENG-001,B.Tech Electronics and Communication Engineering,Engineering,Undergraduate,4,Full-Time,ELIG-BTECH-ENG,Course offerings based on official college websites and NIRF program lists. Verify current offerings with institution.
GJ-ENG-001,B.Tech Mechanical Engineering,Engineering,Undergraduate,4,Full-Time,ELIG-BTECH-ENG,Course offerings based on official college websites and NIRF program lists. Verify current offerings with institution.
GJ-ENG-001,B.Tech Civil Engineering,Engineering,Undergraduate,4,Full-Time,ELIG-BTECH-ENG,Course offerings based on official college websites and NIRF program lists. Verify current offerings with institution.
GJ-ENG-001,B.Tech Electrical Engineering,Engineering,Undergraduate,4,Full-Time,ELIG-BTECH-ENG,Course offerings based on official college websites and NIRF program lists. Verify current offerings with institution.
GJ-ENG-001,B.Tech Chemical Engineering,Engineering,Undergraduate,4,Full-Time,ELIG-BTECH-ENG,Course offerings based on official college websites and NIRF program lists. Verify current offerings with institution.
GJ-ENG-001,B.Tech Aerospace Engineering,Engineering,Undergraduate,4,Full-Time,ELIG-BTECH-ENG,Course offerings based on official college websites and NIRF program lists. Verify current offerings with institution.
GJ-ENG-001,B.Tech Artificial Intelligence and Machine Learning,Technology & Computing,Undergraduate,4,Full-Time,ELIG-BTECH-CS,Course offerings based on official college websites and NIRF program lists. Verify current offerings with institution.
UP-ENG-001,B.Tech Computer Science Engineering,Technology & Computing,Undergraduate,4,Full-Time,ELIG-BTECH-CS,Course offerings based on official college websites and NIRF program lists. Verify current offerings with institution.
UP-ENG-001,B.Tech Electronics and Communication Engineering,Engineering,Undergraduate,4,Full-Time,ELIG-BTECH-ENG,Course offerings based on official college websites and NIRF program lists. Verify current offerings with institution.
UP-ENG-001,B.Tech Mechanical Engineering,Engineering,Undergraduate,4,Full-Time,ELIG-BTECH-ENG,Course offerings based on official college websites and NIRF program lists. Verify current offerings with institution.
UP-ENG-001,B.Tech Civil Engineering,Engineering,Undergraduate,4,Full-Time,ELIG-BTECH-ENG,Course offerings based on official college websites and NIRF program lists. Verify current offerings with institution.
UP-ENG-001,B.Tech Electrical Engineering,Engineering,Undergraduate,4,Full-Time,ELIG-BTECH-ENG,Course offerings based on official college websites and NIRF program lists. Verify current offerings with institution.
UP-ENG-001,B.Tech Chemical Engineering,Engineering,Undergraduate,4,Full-Time,ELIG-BTECH-ENG,Course offerings based on official college websites and NIRF program lists. Verify current offerings with institution.
UP-ENG-001,B.Tech Aerospace Engineering,Engineering,Undergraduate,4,Full-Time,ELIG-BTECH-ENG,Course offerings based on official college websites and NIRF program lists. Verify current offerings with institution.
UP-ENG-001,B.Tech Artificial Intelligence and Machine Learning,Technology & Computing,Undergraduate,4,Full-Time,ELIG-BTECH-CS,Course offerings based on official college websites and NIRF program lists. Verify current offerings with institution.
UP-ENG-002,B.Tech Computer Science Engineering,Technology & Computing,Undergraduate,4,Full-Time,ELIG-BTECH-CS,Course offerings based on official college websites and NIRF program lists. Verify current offerings with institution.
UP-ENG-002,B.Tech Electronics and Communication Engineering,Engineering,Undergraduate,4,Full-Time,ELIG-BTECH-ENG,Course offerings based on official college websites and NIRF program lists. Verify current offerings with institution.
UP-ENG-002,B.Tech Mechanical Engineering,Engineering,Undergraduate,4,Full-Time,ELIG-BTECH-ENG,Course offerings based on official college websites and NIRF program lists. Verify current offerings with institution.
UP-ENG-002,B.Tech Civil Engineering,Engineering,Undergraduate,4,Full-Time,ELIG-BTECH-ENG,Course offerings based on official college websites and NIRF program lists. Verify current offerings with institution.
UP-ENG-002,B.Tech Electrical Engineering,Engineering,Undergraduate,4,Full-Time,ELIG-BTECH-ENG,Course offerings based on official college websites and NIRF program lists. Verify current offerings with institution.
UP-ENG-002,B.Tech Chemical Engineering,Engineering,Undergraduate,4,Full-Time,ELIG-BTECH-ENG,Course offerings based on official college websites and NIRF program lists. Verify current offerings with institution.
UP-ENG-002,B.Tech Aerospace Engineering,Engineering,Undergraduate,4,Full-Time,ELIG-BTECH-ENG,Course offerings based on official college websites and NIRF program lists. Verify current offerings with institution.
UP-ENG-002,B.Tech Artificial Intelligence and Machine Learning,Technology & Computing,Undergraduate,4,Full-Time,ELIG-BTECH-CS,Course offerings based on official college websites and NIRF program lists. Verify current offerings with institution.
KA-ENG-001,B.Tech Computer Science Engineering,Technology & Computing,Undergraduate,4,Full-Time,ELIG-BTECH-CS,Course offerings based on official college websites and NIRF program lists. Verify current offerings with institution.
KA-ENG-001,B.Tech Electronics and Communication Engineering,Engineering,Undergraduate,4,Full-Time,ELIG-BTECH-ENG,Course offerings based on official college websites and NIRF program lists. Verify current offerings with institution.
KA-ENG-001,B.Tech Mechanical Engineering,Engineering,Undergraduate,4,Full-Time,ELIG-BTECH-ENG,Course offerings based on official college websites and NIRF program lists. Verify current offerings with institution.
KA-ENG-001,B.Tech Civil Engineering,Engineering,Undergraduate,4,Full-Time,ELIG-BTECH-ENG,Course offerings based on official college websites and NIRF program lists. Verify current offerings with institution.
KA-ENG-001,B.Tech Electrical Engineering,Engineering,Undergraduate,4,Full-Time,ELIG-BTECH-ENG,Course offerings based on official college websites and NIRF program lists. Verify current offerings with institution.
KA-ENG-001,B.Tech Information Technology,Technology & Computing,Undergraduate,4,Full-Time,ELIG-BTECH-CS,Course offerings based on official college websites and NIRF program lists. Verify current offerings with institution.
TN-ENG-002,B.Tech Computer Science Engineering,Technology & Computing,Undergraduate,4,Full-Time,ELIG-BTECH-CS,Course offerings based on official college websites and NIRF program lists. Verify current offerings with institution.
TN-ENG-002,B.Tech Electronics and Communication Engineering,Engineering,Undergraduate,4,Full-Time,ELIG-BTECH-ENG,Course offerings based on official college websites and NIRF program lists. Verify current offerings with institution.
TN-ENG-002,B.Tech Mechanical Engineering,Engineering,Undergraduate,4,Full-Time,ELIG-BTECH-ENG,Course offerings based on official college websites and NIRF program lists. Verify current offerings with institution.
TN-ENG-002,B.Tech Civil Engineering,Engineering,Undergraduate,4,Full-Time,ELIG-BTECH-ENG,Course offerings based on official college websites and NIRF program lists. Verify current offerings with institution.
TN-ENG-002,B.Tech Electrical Engineering,Engineering,Undergraduate,4,Full-Time,ELIG-BTECH-ENG,Course offerings based on official college websites and NIRF program lists. Verify current offerings with institution.
TN-ENG-002,B.Tech Information Technology,Technology & Computing,Undergraduate,4,Full-Time,ELIG-BTECH-CS,Course offerings based on official college websites and NIRF program lists. Verify current offerings with institution.
KL-ENG-001,B.Tech Computer Science Engineering,Technology & Computing,Undergraduate,4,Full-Time,ELIG-BTECH-CS,Course offerings based on official college websites and NIRF program lists. Verify current offerings with institution.
KL-ENG-001,B.Tech Electronics and Communication Engineering,Engineering,Undergraduate,4,Full-Time,ELIG-BTECH-ENG,Course offerings based on official college websites and NIRF program lists. Verify current offerings with institution.
KL-ENG-001,B.Tech Mechanical Engineering,Engineering,Undergraduate,4,Full-Time,ELIG-BTECH-ENG,Course offerings based on official college websites and NIRF program lists. Verify current offerings with institution.
KL-ENG-001,B.Tech Civil Engineering,Engineering,Undergraduate,4,Full-Time,ELIG-BTECH-ENG,Course offerings based on official college websites and NIRF program lists. Verify current offerings with institution.
KL-ENG-001,B.Tech Electrical Engineering,Engineering,Undergraduate,4,Full-Time,ELIG-BTECH-ENG,Course offerings based on official college websites and NIRF program lists. Verify current offerings with institution.
KL-ENG-001,B.Tech Information Technology,Technology & Computing,Undergraduate,4,Full-Time,ELIG-BTECH-CS,Course offerings based on official college websites and NIRF program lists. Verify current offerings with institution.
TS-ENG-002,B.Tech Computer Science Engineering,Technology & Computing,Undergraduate,4,Full-Time,ELIG-BTECH-CS,Course offerings based on official college websites and NIRF program lists. Verify current offerings with institution.
TS-ENG-002,B.Tech Electronics and Communication Engineering,Engineering,Undergraduate,4,Full-Time,ELIG-BTECH-ENG,Course offerings based on official college websites and NIRF program lists. Verify current offerings with institution.
TS-ENG-002,B.Tech Mechanical Engineering,Engineering,Undergraduate,4,Full-Time,ELIG-BTECH-ENG,Course offerings based on official college websites and NIRF program lists. Verify current offerings with institution.
TS-ENG-002,B.Tech Civil Engineering,Engineering,Undergraduate,4,Full-Time,ELIG-BTECH-ENG,Course offerings based on official college websites and NIRF program lists. Verify current offerings with institution.
TS-ENG-002,B.Tech Electrical Engineering,Engineering,Undergraduate,4,Full-Time,ELIG-BTECH-ENG,Course offerings based on official college websites and NIRF program lists. Verify current offerings with institution.
TS-ENG-002,B.Tech Information Technology,Technology & Computing,Undergraduate,4,Full-Time,ELIG-BTECH-CS,Course offerings based on official college websites and NIRF program lists. Verify current offerings with institution.
AP-ENG-002,B.Tech Computer Science Engineering,Technology & Computing,Undergraduate,4,Full-Time,ELIG-BTECH-CS,Course offerings based on official college websites and NIRF program lists. Verify current offerings with institution.
AP-ENG-002,B.Tech Electronics and Communication Engineering,Engineering,Undergraduate,4,Full-Time,ELIG-BTECH-ENG,Course offerings based on official college websites and NIRF program lists. Verify current offerings with institution.
AP-ENG-002,B.Tech Mechanical Engineering,Engineering,Undergraduate,4,Full-Time,ELIG-BTECH-ENG,Course offerings based on official college websites and NIRF program lists. Verify current offerings with institution.
AP-ENG-002,B.Tech Civil Engineering,Engineering,Undergraduate,4,Full-Time,ELIG-BTECH-ENG,Course offerings based on official college websites and NIRF program lists. Verify current offerings with institution.
AP-ENG-002,B.Tech Electrical Engineering,Engineering,Undergraduate,4,Full-Time,ELIG-BTECH-ENG,Course offerings based on official college websites and NIRF program lists. Verify current offerings with institution.
AP-ENG-002,B.Tech Information Technology,Technology & Computing,Undergraduate,4,Full-Time,ELIG-BTECH-CS,Course offerings based on official college websites and NIRF program lists. Verify current offerings with institution.
MH-ENG-002,B.Tech Computer Science Engineering,Technology & Computing,Undergraduate,4,Full-Time,ELIG-BTECH-CS,Course offerings based on official college websites and NIRF program lists. Verify current offerings with institution.
MH-ENG-002,B.Tech Electronics and Communication Engineering,Engineering,Undergraduate,4,Full-Time,ELIG-BTECH-ENG,Course offerings based on official college websites and NIRF program lists. Verify current offerings with institution.
MH-ENG-002,B.Tech Mechanical Engineering,Engineering,Undergraduate,4,Full-Time,ELIG-BTECH-ENG,Course offerings based on official college websites and NIRF program lists. Verify current offerings with institution.
MH-ENG-002,B.Tech Civil Engineering,Engineering,Undergraduate,4,Full-Time,ELIG-BTECH-ENG,Course offerings based on official college websites and NIRF program lists. Verify current offerings with institution.
MH-ENG-002,B.Tech Electrical Engineering,Engineering,Undergraduate,4,Full-Time,ELIG-BTECH-ENG,Course offerings based on official college websites and NIRF program lists. Verify current offerings with institution.
MH-ENG-002,B.Tech Information Technology,Technology & Computing,Undergraduate,4,Full-Time,ELIG-BTECH-CS,Course offerings based on official college websites and NIRF program lists. Verify current offerings with institution.
GJ-ENG-002,B.Tech Computer Science Engineering,Technology & Computing,Undergraduate,4,Full-Time,ELIG-BTECH-CS,Course offerings based on official college websites and NIRF program lists. Verify current offerings with institution.
GJ-ENG-002,B.Tech Electronics and Communication Engineering,Engineering,Undergraduate,4,Full-Time,ELIG-BTECH-ENG,Course offerings based on official college websites and NIRF program lists. Verify current offerings with institution.
GJ-ENG-002,B.Tech Mechanical Engineering,Engineering,Undergraduate,4,Full-Time,ELIG-BTECH-ENG,Course offerings based on official college websites and NIRF program lists. Verify current offerings with institution.
GJ-ENG-002,B.Tech Civil Engineering,Engineering,Undergraduate,4,Full-Time,ELIG-BTECH-ENG,Course offerings based on official college websites and NIRF program lists. Verify current offerings with institution.
GJ-ENG-002,B.Tech Electrical Engineering,Engineering,Undergraduate,4,Full-Time,ELIG-BTECH-ENG,Course offerings based on official college websites and NIRF program lists. Verify current offerings with institution.
GJ-ENG-002,B.Tech Information Technology,Technology & Computing,Undergraduate,4,Full-Time,ELIG-BTECH-CS,Course offerings based on official college websites and NIRF program lists. Verify current offerings with institution.
UP-ENG-003,B.Tech Computer Science Engineering,Technology & Computing,Undergraduate,4,Full-Time,ELIG-BTECH-CS,Course offerings based on official college websites and NIRF program lists. Verify current offerings with institution.
UP-ENG-003,B.Tech Electronics and Communication Engineering,Engineering,Undergraduate,4,Full-Time,ELIG-BTECH-ENG,Course offerings based on official college websites and NIRF program lists. Verify current offerings with institution.
UP-ENG-003,B.Tech Mechanical Engineering,Engineering,Undergraduate,4,Full-Time,ELIG-BTECH-ENG,Course offerings based on official college websites and NIRF program lists. Verify current offerings with institution.
UP-ENG-003,B.Tech Civil Engineering,Engineering,Undergraduate,4,Full-Time,ELIG-BTECH-ENG,Course offerings based on official college websites and NIRF program lists. Verify current offerings with institution.
UP-ENG-003,B.Tech Electrical Engineering,Engineering,Undergraduate,4,Full-Time,ELIG-BTECH-ENG,Course offerings based on official college websites and NIRF program lists. Verify current offerings with institution.
UP-ENG-003,B.Tech Information Technology,Technology & Computing,Undergraduate,4,Full-Time,ELIG-BTECH-CS,Course offerings based on official college websites and NIRF program lists. Verify current offerings with institution.
KA-ENG-003,B.Tech Computer Science Engineering,Technology & Computing,Undergraduate,4,Full-Time,ELIG-BTECH-CS,Course offerings based on official college websites and NIRF program lists. Verify current offerings with institution.
KA-ENG-003,B.Tech Electronics and Communication Engineering,Engineering,Undergraduate,4,Full-Time,ELIG-BTECH-ENG,Course offerings based on official college websites and NIRF program lists. Verify current offerings with institution.
KA-ENG-003,B.Tech Information Technology,Technology & Computing,Undergraduate,4,Full-Time,ELIG-BTECH-CS,Course offerings based on official college websites and NIRF program lists. Verify current offerings with institution.
TS-ENG-003,B.Tech Computer Science Engineering,Technology & Computing,Undergraduate,4,Full-Time,ELIG-BTECH-CS,Course offerings based on official college websites and NIRF program lists. Verify current offerings with institution.
TS-ENG-003,B.Tech Electronics and Communication Engineering,Engineering,Undergraduate,4,Full-Time,ELIG-BTECH-ENG,Course offerings based on official college websites and NIRF program lists. Verify current offerings with institution.
DL-ENG-004,B.Tech Computer Science Engineering,Technology & Computing,Undergraduate,4,Full-Time,ELIG-BTECH-CS,Course offerings based on official college websites and NIRF program lists. Verify current offerings with institution.
DL-ENG-004,B.Tech Electronics and Communication Engineering,Engineering,Undergraduate,4,Full-Time,ELIG-BTECH-ENG,Course offerings based on official college websites and NIRF program lists. Verify current offerings with institution.
DL-ENG-004,B.Tech Computer Science and Design,Technology & Computing,Undergraduate,4,Full-Time,ELIG-BTECH-CS,Course offerings based on official college websites and NIRF program lists. Verify current offerings with institution.
TS-ENG-004,B.Tech Computer Science Engineering,Technology & Computing,Undergraduate,4,Full-Time,ELIG-BTECH-CS,Course offerings based on official college websites and NIRF program lists. Verify current offerings with institution.
TS-ENG-004,B.Tech Electronics and Communication Engineering,Engineering,Undergraduate,4,Full-Time,ELIG-BTECH-ENG,Course offerings based on official college websites and NIRF program lists. Verify current offerings with institution.
TS-ENG-004,B.Tech Mechanical Engineering,Engineering,Undergraduate,4,Full-Time,ELIG-BTECH-ENG,Course offerings based on official college websites and NIRF program lists. Verify current offerings with institution.
TS-ENG-004,B.Tech Civil Engineering,Engineering,Undergraduate,4,Full-Time,ELIG-BTECH-ENG,Course offerings based on official college websites and NIRF program lists. Verify current offerings with institution.
TS-ENG-004,B.Tech Electrical Engineering,Engineering,Undergraduate,4,Full-Time,ELIG-BTECH-ENG,Course offerings based on official college websites and NIRF program lists. Verify current offerings with institution.
TS-ENG-004,B.Tech Information Technology,Technology & Computing,Undergraduate,4,Full-Time,ELIG-BTECH-CS,Course offerings based on official college websites and NIRF program lists. Verify current offerings with institution.
TS-ENG-004,B.Pharm,Medical & Health Sciences,Undergraduate Professional,4,Full-Time,ELIG-BPHARM,Course offerings based on official college websites and NIRF program lists. Verify current offerings with institution.
KA-ENG-004,B.Tech Computer Science Engineering,Technology & Computing,Undergraduate,4,Full-Time,ELIG-BTECH-CS,Course offerings based on official college websites and NIRF program lists. Verify current offerings with institution.
KA-ENG-004,B.Tech Electronics and Communication Engineering,Engineering,Undergraduate,4,Full-Time,ELIG-BTECH-ENG,Course offerings based on official college websites and NIRF program lists. Verify current offerings with institution.
KA-ENG-004,B.Tech Mechanical Engineering,Engineering,Undergraduate,4,Full-Time,ELIG-BTECH-ENG,Course offerings based on official college websites and NIRF program lists. Verify current offerings with institution.
KA-ENG-004,B.Tech Civil Engineering,Engineering,Undergraduate,4,Full-Time,ELIG-BTECH-ENG,Course offerings based on official college websites and NIRF program lists. Verify current offerings with institution.
KA-ENG-004,B.Tech Electrical Engineering,Engineering,Undergraduate,4,Full-Time,ELIG-BTECH-ENG,Course offerings based on official college websites and NIRF program lists. Verify current offerings with institution.
KA-ENG-004,B.Tech Information Technology,Technology & Computing,Undergraduate,4,Full-Time,ELIG-BTECH-CS,Course offerings based on official college websites and NIRF program lists. Verify current offerings with institution.
KA-ENG-004,B.Tech Artificial Intelligence and Machine Learning,Technology & Computing,Undergraduate,4,Full-Time,ELIG-BTECH-CS,Course offerings based on official college websites and NIRF program lists. Verify current offerings with institution.
KA-ENG-004,B.Tech Data Science,Technology & Computing,Undergraduate,4,Full-Time,ELIG-BTECH-CS,Course offerings based on official college websites and NIRF program lists. Verify current offerings with institution.
KA-ENG-007,B.Tech Computer Science Engineering,Technology & Computing,Undergraduate,4,Full-Time,ELIG-BTECH-CS,Course offerings based on official college websites and NIRF program lists. Verify current offerings with institution.
KA-ENG-007,B.Tech Electronics and Communication Engineering,Engineering,Undergraduate,4,Full-Time,ELIG-BTECH-ENG,Course offerings based on official college websites and NIRF program lists. Verify current offerings with institution.
KA-ENG-007,B.Tech Mechanical Engineering,Engineering,Undergraduate,4,Full-Time,ELIG-BTECH-ENG,Course offerings based on official college websites and NIRF program lists. Verify current offerings with institution.
KA-ENG-007,B.Tech Civil Engineering,Engineering,Undergraduate,4,Full-Time,ELIG-BTECH-ENG,Course offerings based on official college websites and NIRF program lists. Verify current offerings with institution.
KA-ENG-007,B.Tech Electrical Engineering,Engineering,Undergraduate,4,Full-Time,ELIG-BTECH-ENG,Course offerings based on official college websites and NIRF program lists. Verify current offerings with institution.
KA-ENG-007,B.Tech Information Technology,Technology & Computing,Undergraduate,4,Full-Time,ELIG-BTECH-CS,Course offerings based on official college websites and NIRF program lists. Verify current offerings with institution.
KA-ENG-007,B.Tech Artificial Intelligence and Machine Learning,Technology & Computing,Undergraduate,4,Full-Time,ELIG-BTECH-CS,Course offerings based on official college websites and NIRF program lists. Verify current offerings with institution.
KA-ENG-007,B.Tech Data Science,Technology & Computing,Undergraduate,4,Full-Time,ELIG-BTECH-CS,Course offerings based on official college websites and NIRF program lists. Verify current offerings with institution.
KA-ENG-008,B.Tech Computer Science Engineering,Technology & Computing,Undergraduate,4,Full-Time,ELIG-BTECH-CS,Course offerings based on official college websites and NIRF program lists. Verify current offerings with institution.
KA-ENG-008,B.Tech Electronics and Communication Engineering,Engineering,Undergraduate,4,Full-Time,ELIG-BTECH-ENG,Course offerings based on official college websites and NIRF program lists. Verify current offerings with institution.
KA-ENG-008,B.Tech Mechanical Engineering,Engineering,Undergraduate,4,Full-Time,ELIG-BTECH-ENG,Course offerings based on official college websites and NIRF program lists. Verify current offerings with institution.
KA-ENG-008,B.Tech Civil Engineering,Engineering,Undergraduate,4,Full-Time,ELIG-BTECH-ENG,Course offerings based on official college websites and NIRF program lists. Verify current offerings with institution.
KA-ENG-008,B.Tech Electrical Engineering,Engineering,Undergraduate,4,Full-Time,ELIG-BTECH-ENG,Course offerings based on official college websites and NIRF program lists. Verify current offerings with institution.
KA-ENG-008,B.Tech Information Technology,Technology & Computing,Undergraduate,4,Full-Time,ELIG-BTECH-CS,Course offerings based on official college websites and NIRF program lists. Verify current offerings with institution.
KA-ENG-008,B.Tech Artificial Intelligence and Machine Learning,Technology & Computing,Undergraduate,4,Full-Time,ELIG-BTECH-CS,Course offerings based on official college websites and NIRF program lists. Verify current offerings with institution.
KA-ENG-008,B.Tech Data Science,Technology & Computing,Undergraduate,4,Full-Time,ELIG-BTECH-CS,Course offerings based on official college websites and NIRF program lists. Verify current offerings with institution.
KA-ENG-010,B.Tech Computer Science Engineering,Technology & Computing,Undergraduate,4,Full-Time,ELIG-BTECH-CS,Course offerings based on official college websites and NIRF program lists. Verify current offerings with institution.
KA-ENG-010,B.Tech Electronics and Communication Engineering,Engineering,Undergraduate,4,Full-Time,ELIG-BTECH-ENG,Course offerings based on official college websites and NIRF program lists. Verify current offerings with institution.
KA-ENG-010,B.Tech Mechanical Engineering,Engineering,Undergraduate,4,Full-Time,ELIG-BTECH-ENG,Course offerings based on official college websites and NIRF program lists. Verify current offerings with institution.
KA-ENG-010,B.Tech Civil Engineering,Engineering,Undergraduate,4,Full-Time,ELIG-BTECH-ENG,Course offerings based on official college websites and NIRF program lists. Verify current offerings with institution.
KA-ENG-010,B.Tech Electrical Engineering,Engineering,Undergraduate,4,Full-Time,ELIG-BTECH-ENG,Course offerings based on official college websites and NIRF program lists. Verify current offerings with institution.
KA-ENG-010,B.Tech Information Technology,Technology & Computing,Undergraduate,4,Full-Time,ELIG-BTECH-CS,Course offerings based on official college websites and NIRF program lists. Verify current offerings with institution.
KA-ENG-010,B.Tech Artificial Intelligence and Machine Learning,Technology & Computing,Undergraduate,4,Full-Time,ELIG-BTECH-CS,Course offerings based on official college websites and NIRF program lists. Verify current offerings with institution.
KA-ENG-010,B.Tech Data Science,Technology & Computing,Undergraduate,4,Full-Time,ELIG-BTECH-CS,Course offerings based on official college websites and NIRF program lists. Verify current offerings with institution.
KA-ENG-012,B.Tech Computer Science Engineering,Technology & Computing,Undergraduate,4,Full-Time,ELIG-BTECH-CS,Course offerings based on official college websites and NIRF program lists. Verify current offerings with institution.
KA-ENG-012,B.Tech Electronics and Communication Engineering,Engineering,Undergraduate,4,Full-Time,ELIG-BTECH-ENG,Course offerings based on official college websites and NIRF program lists. Verify current offerings with institution.
KA-ENG-012,B.Tech Mechanical Engineering,Engineering,Undergraduate,4,Full-Time,ELIG-BTECH-ENG,Course offerings based on official college websites and NIRF program lists. Verify current offerings with institution.
KA-ENG-012,B.Tech Civil Engineering,Engineering,Undergraduate,4,Full-Time,ELIG-BTECH-ENG,Course offerings based on official college websites and NIRF program lists. Verify current offerings with institution.
KA-ENG-012,B.Tech Electrical Engineering,Engineering,Undergraduate,4,Full-Time,ELIG-BTECH-ENG,Course offerings based on official college websites and NIRF program lists. Verify current offerings with institution.
KA-ENG-012,B.Tech Information Technology,Technology & Computing,Undergraduate,4,Full-Time,ELIG-BTECH-CS,Course offerings based on official college websites and NIRF program lists. Verify current offerings with institution.
KA-ENG-012,B.Tech Artificial Intelligence and Machine Learning,Technology & Computing,Undergraduate,4,Full-Time,ELIG-BTECH-CS,Course offerings based on official college websites and NIRF program lists. Verify current offerings with institution.
KA-ENG-012,B.Tech Data Science,Technology & Computing,Undergraduate,4,Full-Time,ELIG-BTECH-CS,Course offerings based on official college websites and NIRF program lists. Verify current offerings with institution.
KA-ENG-013,B.Tech Computer Science Engineering,Technology & Computing,Undergraduate,4,Full-Time,ELIG-BTECH-CS,Course offerings based on official college websites and NIRF program lists. Verify current offerings with institution.
KA-ENG-013,B.Tech Electronics and Communication Engineering,Engineering,Undergraduate,4,Full-Time,ELIG-BTECH-ENG,Course offerings based on official college websites and NIRF program lists. Verify current offerings with institution.
KA-ENG-013,B.Tech Mechanical Engineering,Engineering,Undergraduate,4,Full-Time,ELIG-BTECH-ENG,Course offerings based on official college websites and NIRF program lists. Verify current offerings with institution.
KA-ENG-013,B.Tech Civil Engineering,Engineering,Undergraduate,4,Full-Time,ELIG-BTECH-ENG,Course offerings based on official college websites and NIRF program lists. Verify current offerings with institution.
KA-ENG-013,B.Tech Electrical Engineering,Engineering,Undergraduate,4,Full-Time,ELIG-BTECH-ENG,Course offerings based on official college websites and NIRF program lists. Verify current offerings with institution.
KA-ENG-013,B.Tech Information Technology,Technology & Computing,Undergraduate,4,Full-Time,ELIG-BTECH-CS,Course offerings based on official college websites and NIRF program lists. Verify current offerings with institution.
KA-ENG-013,B.Tech Artificial Intelligence and Machine Learning,Technology & Computing,Undergraduate,4,Full-Time,ELIG-BTECH-CS,Course offerings based on official college websites and NIRF program lists. Verify current offerings with institution.
KA-ENG-013,B.Tech Data Science,Technology & Computing,Undergraduate,4,Full-Time,ELIG-BTECH-CS,Course offerings based on official college websites and NIRF program lists. Verify current offerings with institution.
KA-ENG-015,B.Tech Computer Science Engineering,Technology & Computing,Undergraduate,4,Full-Time,ELIG-BTECH-CS,Course offerings based on official college websites and NIRF program lists. Verify current offerings with institution.
KA-ENG-015,B.Tech Electronics and Communication Engineering,Engineering,Undergraduate,4,Full-Time,ELIG-BTECH-ENG,Course offerings based on official college websites and NIRF program lists. Verify current offerings with institution.
KA-ENG-015,B.Tech Mechanical Engineering,Engineering,Undergraduate,4,Full-Time,ELIG-BTECH-ENG,Course offerings based on official college websites and NIRF program lists. Verify current offerings with institution.
KA-ENG-015,B.Tech Civil Engineering,Engineering,Undergraduate,4,Full-Time,ELIG-BTECH-ENG,Course offerings based on official college websites and NIRF program lists. Verify current offerings with institution.
KA-ENG-015,B.Tech Electrical Engineering,Engineering,Undergraduate,4,Full-Time,ELIG-BTECH-ENG,Course offerings based on official college websites and NIRF program lists. Verify current offerings with institution.
KA-ENG-015,B.Tech Information Technology,Technology & Computing,Undergraduate,4,Full-Time,ELIG-BTECH-CS,Course offerings based on official college websites and NIRF program lists. Verify current offerings with institution.
KA-ENG-015,B.Tech Artificial Intelligence and Machine Learning,Technology & Computing,Undergraduate,4,Full-Time,ELIG-BTECH-CS,Course offerings based on official college websites and NIRF program lists. Verify current offerings with institution.
KA-ENG-015,B.Tech Data Science,Technology & Computing,Undergraduate,4,Full-Time,ELIG-BTECH-CS,Course offerings based on official college websites and NIRF program lists. Verify current offerings with institution.
KA-ENG-016,B.Tech Computer Science Engineering,Technology & Computing,Undergraduate,4,Full-Time,ELIG-BTECH-CS,Course offerings based on official college websites and NIRF program lists. Verify current offerings with institution.
KA-ENG-016,B.Tech Electronics and Communication Engineering,Engineering,Undergraduate,4,Full-Time,ELIG-BTECH-ENG,Course offerings based on official college websites and NIRF program lists. Verify current offerings with institution.
KA-ENG-016,B.Tech Mechanical Engineering,Engineering,Undergraduate,4,Full-Time,ELIG-BTECH-ENG,Course offerings based on official college websites and NIRF program lists. Verify current offerings with institution.
KA-ENG-016,B.Tech Civil Engineering,Engineering,Undergraduate,4,Full-Time,ELIG-BTECH-ENG,Course offerings based on official college websites and NIRF program lists. Verify current offerings with institution.
KA-ENG-016,B.Tech Electrical Engineering,Engineering,Undergraduate,4,Full-Time,ELIG-BTECH-ENG,Course offerings based on official college websites and NIRF program lists. Verify current offerings with institution.
KA-ENG-016,B.Tech Information Technology,Technology & Computing,Undergraduate,4,Full-Time,ELIG-BTECH-CS,Course offerings based on official college websites and NIRF program lists. Verify current offerings with institution.
KA-ENG-016,B.Tech Artificial Intelligence and Machine Learning,Technology & Computing,Undergraduate,4,Full-Time,ELIG-BTECH-CS,Course offerings based on official college websites and NIRF program lists. Verify current offerings with institution.
KA-ENG-016,B.Tech Data Science,Technology & Computing,Undergraduate,4,Full-Time,ELIG-BTECH-CS,Course offerings based on official college websites and NIRF program lists. Verify current offerings with institution.
KA-ENG-017,B.Tech Computer Science Engineering,Technology & Computing,Undergraduate,4,Full-Time,ELIG-BTECH-CS,Course offerings based on official college websites and NIRF program lists. Verify current offerings with institution.
KA-ENG-017,B.Tech Electronics and Communication Engineering,Engineering,Undergraduate,4,Full-Time,ELIG-BTECH-ENG,Course offerings based on official college websites and NIRF program lists. Verify current offerings with institution.
KA-ENG-017,B.Tech Mechanical Engineering,Engineering,Undergraduate,4,Full-Time,ELIG-BTECH-ENG,Course offerings based on official college websites and NIRF program lists. Verify current offerings with institution.
KA-ENG-017,B.Tech Civil Engineering,Engineering,Undergraduate,4,Full-Time,ELIG-BTECH-ENG,Course offerings based on official college websites and NIRF program lists. Verify current offerings with institution.
KA-ENG-017,B.Tech Electrical Engineering,Engineering,Undergraduate,4,Full-Time,ELIG-BTECH-ENG,Course offerings based on official college websites and NIRF program lists. Verify current offerings with institution.
KA-ENG-014,B.Tech Computer Science Engineering,Technology & Computing,Undergraduate,4,Full-Time,ELIG-BTECH-CS,Course offerings based on official college websites and NIRF program lists. Verify current offerings with institution.
KA-ENG-014,B.Tech Electronics and Communication Engineering,Engineering,Undergraduate,4,Full-Time,ELIG-BTECH-ENG,Course offerings based on official college websites and NIRF program lists. Verify current offerings with institution.
KA-ENG-014,B.Tech Mechanical Engineering,Engineering,Undergraduate,4,Full-Time,ELIG-BTECH-ENG,Course offerings based on official college websites and NIRF program lists. Verify current offerings with institution.
KA-ENG-014,B.Tech Civil Engineering,Engineering,Undergraduate,4,Full-Time,ELIG-BTECH-ENG,Course offerings based on official college websites and NIRF program lists. Verify current offerings with institution.
KA-ENG-014,B.Tech Electrical Engineering,Engineering,Undergraduate,4,Full-Time,ELIG-BTECH-ENG,Course offerings based on official college websites and NIRF program lists. Verify current offerings with institution.
KA-ENG-014,B.Tech Information Technology,Technology & Computing,Undergraduate,4,Full-Time,ELIG-BTECH-CS,Course offerings based on official college websites and NIRF program lists. Verify current offerings with institution.
KA-ENG-014,B.Tech Artificial Intelligence and Machine Learning,Technology & Computing,Undergraduate,4,Full-Time,ELIG-BTECH-CS,Course offerings based on official college websites and NIRF program lists. Verify current offerings with institution.
KA-ENG-014,B.Tech Data Science,Technology & Computing,Undergraduate,4,Full-Time,ELIG-BTECH-CS,Course offerings based on official college websites and NIRF program lists. Verify current offerings with institution.
KA-ENG-002,B.Tech Computer Science Engineering,Technology & Computing,Undergraduate,4,Full-Time,ELIG-BTECH-CS,Course offerings based on official college websites and NIRF program lists. Verify current offerings with institution.
KA-ENG-002,B.Tech Electronics and Communication Engineering,Engineering,Undergraduate,4,Full-Time,ELIG-BTECH-ENG,Course offerings based on official college websites and NIRF program lists. Verify current offerings with institution.
KA-ENG-002,B.Tech Mechanical Engineering,Engineering,Undergraduate,4,Full-Time,ELIG-BTECH-ENG,Course offerings based on official college websites and NIRF program lists. Verify current offerings with institution.
KA-ENG-002,B.Tech Civil Engineering,Engineering,Undergraduate,4,Full-Time,ELIG-BTECH-ENG,Course offerings based on official college websites and NIRF program lists. Verify current offerings with institution.
KA-ENG-002,B.Tech Electrical Engineering,Engineering,Undergraduate,4,Full-Time,ELIG-BTECH-ENG,Course offerings based on official college websites and NIRF program lists. Verify current offerings with institution.
KA-ENG-002,B.Tech Information Technology,Technology & Computing,Undergraduate,4,Full-Time,ELIG-BTECH-CS,Course offerings based on official college websites and NIRF program lists. Verify current offerings with institution.
KA-ENG-002,B.Tech Artificial Intelligence and Machine Learning,Technology & Computing,Undergraduate,4,Full-Time,ELIG-BTECH-CS,Course offerings based on official college websites and NIRF program lists. Verify current offerings with institution.
KA-ENG-002,B.Tech Data Science,Technology & Computing,Undergraduate,4,Full-Time,ELIG-BTECH-CS,Course offerings based on official college websites and NIRF program lists. Verify current offerings with institution.
KA-ENG-005,B.Tech Computer Science Engineering,Technology & Computing,Undergraduate,4,Full-Time,ELIG-BTECH-CS,Course offerings based on official college websites and NIRF program lists. Verify current offerings with institution.
KA-ENG-005,B.Tech Electronics and Communication Engineering,Engineering,Undergraduate,4,Full-Time,ELIG-BTECH-ENG,Course offerings based on official college websites and NIRF program lists. Verify current offerings with institution.
KA-ENG-005,B.Tech Mechanical Engineering,Engineering,Undergraduate,4,Full-Time,ELIG-BTECH-ENG,Course offerings based on official college websites and NIRF program lists. Verify current offerings with institution.
KA-ENG-005,B.Tech Civil Engineering,Engineering,Undergraduate,4,Full-Time,ELIG-BTECH-ENG,Course offerings based on official college websites and NIRF program lists. Verify current offerings with institution.
KA-ENG-005,B.Tech Electrical Engineering,Engineering,Undergraduate,4,Full-Time,ELIG-BTECH-ENG,Course offerings based on official college websites and NIRF program lists. Verify current offerings with institution.
KA-ENG-005,B.Tech Information Technology,Technology & Computing,Undergraduate,4,Full-Time,ELIG-BTECH-CS,Course offerings based on official college websites and NIRF program lists. Verify current offerings with institution.
KA-ENG-005,B.Tech Artificial Intelligence and Machine Learning,Technology & Computing,Undergraduate,4,Full-Time,ELIG-BTECH-CS,Course offerings based on official college websites and NIRF program lists. Verify current offerings with institution.
KA-ENG-005,B.Tech Data Science,Technology & Computing,Undergraduate,4,Full-Time,ELIG-BTECH-CS,Course offerings based on official college websites and NIRF program lists. Verify current offerings with institution.
KA-ENG-005,B.Com,Commerce & Finance,Undergraduate,3,Full-Time,ELIG-BCOM,Course offerings based on official college websites and NIRF program lists. Verify current offerings with institution.
KA-ENG-005,BBA,Business & Management,Undergraduate,3,Full-Time,ELIG-BBA,Course offerings based on official college websites and NIRF program lists. Verify current offerings with institution.
KA-ENG-005,B.Sc Physics,Physical & Mathematical Sciences,Undergraduate,3,Full-Time,ELIG-BSCPCM,Course offerings based on official college websites and NIRF program lists. Verify current offerings with institution.
KA-ENG-005,B.Sc Mathematics,Physical & Mathematical Sciences,Undergraduate,3,Full-Time,ELIG-BSCPCM,Course offerings based on official college websites and NIRF program lists. Verify current offerings with institution.
KA-ENG-005,B.Sc Chemistry,Physical & Mathematical Sciences,Undergraduate,3,Full-Time,ELIG-BSCPCM,Course offerings based on official college websites and NIRF program lists. Verify current offerings with institution.
KA-ENG-005,B.Sc Biotechnology,Life Sciences & Biotechnology,Undergraduate,3,Full-Time,ELIG-BSCPCB,Course offerings based on official college websites and NIRF program lists. Verify current offerings with institution.
KA-ENG-005,B.Sc Microbiology,Life Sciences & Biotechnology,Undergraduate,3,Full-Time,ELIG-BSCPCB,Course offerings based on official college websites and NIRF program lists. Verify current offerings with institution.
KA-ENG-005,BCA,Technology & Computing,Undergraduate,3,Full-Time,ELIG-BCA,Course offerings based on official college websites and NIRF program lists. Verify current offerings with institution.
KA-ENG-005,BA LLB,Law & Legal Studies,Integrated,5,Full-Time,ELIG-LLB5,Course offerings based on official college websites and NIRF program lists. Verify current offerings with institution.
KA-ENG-005,BBA LLB,Law & Legal Studies,Integrated,5,Full-Time,ELIG-LLB5,Course offerings based on official college websites and NIRF program lists. Verify current offerings with institution.
KA-ENG-006,B.Tech Computer Science Engineering,Technology & Computing,Undergraduate,4,Full-Time,ELIG-BTECH-CS,Course offerings based on official college websites and NIRF program lists. Verify current offerings with institution.
KA-ENG-006,B.Tech Electronics and Communication Engineering,Engineering,Undergraduate,4,Full-Time,ELIG-BTECH-ENG,Course offerings based on official college websites and NIRF program lists. Verify current offerings with institution.
KA-ENG-006,B.Tech Mechanical Engineering,Engineering,Undergraduate,4,Full-Time,ELIG-BTECH-ENG,Course offerings based on official college websites and NIRF program lists. Verify current offerings with institution.
KA-ENG-006,B.Tech Civil Engineering,Engineering,Undergraduate,4,Full-Time,ELIG-BTECH-ENG,Course offerings based on official college websites and NIRF program lists. Verify current offerings with institution.
KA-ENG-006,B.Tech Electrical Engineering,Engineering,Undergraduate,4,Full-Time,ELIG-BTECH-ENG,Course offerings based on official college websites and NIRF program lists. Verify current offerings with institution.
KA-ENG-006,B.Tech Information Technology,Technology & Computing,Undergraduate,4,Full-Time,ELIG-BTECH-CS,Course offerings based on official college websites and NIRF program lists. Verify current offerings with institution.
KA-ENG-006,B.Tech Artificial Intelligence and Machine Learning,Technology & Computing,Undergraduate,4,Full-Time,ELIG-BTECH-CS,Course offerings based on official college websites and NIRF program lists. Verify current offerings with institution.
KA-ENG-006,B.Tech Data Science,Technology & Computing,Undergraduate,4,Full-Time,ELIG-BTECH-CS,Course offerings based on official college websites and NIRF program lists. Verify current offerings with institution.
KA-ENG-006,B.Com,Commerce & Finance,Undergraduate,3,Full-Time,ELIG-BCOM,Course offerings based on official college websites and NIRF program lists. Verify current offerings with institution.
KA-ENG-006,BBA,Business & Management,Undergraduate,3,Full-Time,ELIG-BBA,Course offerings based on official college websites and NIRF program lists. Verify current offerings with institution.
KA-ENG-006,B.Sc Physics,Physical & Mathematical Sciences,Undergraduate,3,Full-Time,ELIG-BSCPCM,Course offerings based on official college websites and NIRF program lists. Verify current offerings with institution.
KA-ENG-006,B.Sc Mathematics,Physical & Mathematical Sciences,Undergraduate,3,Full-Time,ELIG-BSCPCM,Course offerings based on official college websites and NIRF program lists. Verify current offerings with institution.
KA-ENG-006,B.Sc Chemistry,Physical & Mathematical Sciences,Undergraduate,3,Full-Time,ELIG-BSCPCM,Course offerings based on official college websites and NIRF program lists. Verify current offerings with institution.
KA-ENG-006,B.Sc Biotechnology,Life Sciences & Biotechnology,Undergraduate,3,Full-Time,ELIG-BSCPCB,Course offerings based on official college websites and NIRF program lists. Verify current offerings with institution.
KA-ENG-006,B.Sc Microbiology,Life Sciences & Biotechnology,Undergraduate,3,Full-Time,ELIG-BSCPCB,Course offerings based on official college websites and NIRF program lists. Verify current offerings with institution.
KA-ENG-006,BCA,Technology & Computing,Undergraduate,3,Full-Time,ELIG-BCA,Course offerings based on official college websites and NIRF program lists. Verify current offerings with institution.
KA-ENG-011,B.Tech Computer Science Engineering,Technology & Computing,Undergraduate,4,Full-Time,ELIG-BTECH-CS,Course offerings based on official college websites and NIRF program lists. Verify current offerings with institution.
KA-ENG-011,B.Tech Electronics and Communication Engineering,Engineering,Undergraduate,4,Full-Time,ELIG-BTECH-ENG,Course offerings based on official college websites and NIRF program lists. Verify current offerings with institution.
KA-ENG-011,B.Tech Mechanical Engineering,Engineering,Undergraduate,4,Full-Time,ELIG-BTECH-ENG,Course offerings based on official college websites and NIRF program lists. Verify current offerings with institution.
KA-ENG-011,B.Tech Civil Engineering,Engineering,Undergraduate,4,Full-Time,ELIG-BTECH-ENG,Course offerings based on official college websites and NIRF program lists. Verify current offerings with institution.
KA-ENG-011,B.Tech Electrical Engineering,Engineering,Undergraduate,4,Full-Time,ELIG-BTECH-ENG,Course offerings based on official college websites and NIRF program lists. Verify current offerings with institution.
KA-ENG-011,B.Tech Information Technology,Technology & Computing,Undergraduate,4,Full-Time,ELIG-BTECH-CS,Course offerings based on official college websites and NIRF program lists. Verify current offerings with institution.
KA-ENG-011,B.Tech Artificial Intelligence and Machine Learning,Technology & Computing,Undergraduate,4,Full-Time,ELIG-BTECH-CS,Course offerings based on official college websites and NIRF program lists. Verify current offerings with institution.
KA-ENG-011,B.Tech Data Science,Technology & Computing,Undergraduate,4,Full-Time,ELIG-BTECH-CS,Course offerings based on official college websites and NIRF program lists. Verify current offerings with institution.
KA-ENG-011,B.Com,Commerce & Finance,Undergraduate,3,Full-Time,ELIG-BCOM,Course offerings based on official college websites and NIRF program lists. Verify current offerings with institution.
KA-ENG-011,BBA,Business & Management,Undergraduate,3,Full-Time,ELIG-BBA,Course offerings based on official college websites and NIRF program lists. Verify current offerings with institution.
KA-ENG-011,BCA,Technology & Computing,Undergraduate,3,Full-Time,ELIG-BCA,Course offerings based on official college websites and NIRF program lists. Verify current offerings with institution.
TN-ENG-004,B.Tech Computer Science Engineering,Technology & Computing,Undergraduate,4,Full-Time,ELIG-BTECH-CS,Course offerings based on official college websites and NIRF program lists. Verify current offerings with institution.
TN-ENG-004,B.Tech Electronics and Communication Engineering,Engineering,Undergraduate,4,Full-Time,ELIG-BTECH-ENG,Course offerings based on official college websites and NIRF program lists. Verify current offerings with institution.
TN-ENG-004,B.Tech Mechanical Engineering,Engineering,Undergraduate,4,Full-Time,ELIG-BTECH-ENG,Course offerings based on official college websites and NIRF program lists. Verify current offerings with institution.
TN-ENG-004,B.Tech Civil Engineering,Engineering,Undergraduate,4,Full-Time,ELIG-BTECH-ENG,Course offerings based on official college websites and NIRF program lists. Verify current offerings with institution.
TN-ENG-004,B.Tech Electrical Engineering,Engineering,Undergraduate,4,Full-Time,ELIG-BTECH-ENG,Course offerings based on official college websites and NIRF program lists. Verify current offerings with institution.
TN-ENG-004,B.Tech Information Technology,Technology & Computing,Undergraduate,4,Full-Time,ELIG-BTECH-CS,Course offerings based on official college websites and NIRF program lists. Verify current offerings with institution.
TN-ENG-004,B.Tech Artificial Intelligence and Machine Learning,Technology & Computing,Undergraduate,4,Full-Time,ELIG-BTECH-CS,Course offerings based on official college websites and NIRF program lists. Verify current offerings with institution.
TN-ENG-004,B.Tech Data Science,Technology & Computing,Undergraduate,4,Full-Time,ELIG-BTECH-CS,Course offerings based on official college websites and NIRF program lists. Verify current offerings with institution.
TN-ENG-004,B.Com,Commerce & Finance,Undergraduate,3,Full-Time,ELIG-BCOM,Course offerings based on official college websites and NIRF program lists. Verify current offerings with institution.
TN-ENG-004,BBA,Business & Management,Undergraduate,3,Full-Time,ELIG-BBA,Course offerings based on official college websites and NIRF program lists. Verify current offerings with institution.
TN-ENG-004,B.Sc Physics,Physical & Mathematical Sciences,Undergraduate,3,Full-Time,ELIG-BSCPCM,Course offerings based on official college websites and NIRF program lists. Verify current offerings with institution.
TN-ENG-004,B.Sc Mathematics,Physical & Mathematical Sciences,Undergraduate,3,Full-Time,ELIG-BSCPCM,Course offerings based on official college websites and NIRF program lists. Verify current offerings with institution.
TN-ENG-004,B.Sc Chemistry,Physical & Mathematical Sciences,Undergraduate,3,Full-Time,ELIG-BSCPCM,Course offerings based on official college websites and NIRF program lists. Verify current offerings with institution.
TN-ENG-004,BA LLB,Law & Legal Studies,Integrated,5,Full-Time,ELIG-LLB5,Course offerings based on official college websites and NIRF program lists. Verify current offerings with institution.
TN-ENG-004,BBA LLB,Law & Legal Studies,Integrated,5,Full-Time,ELIG-LLB5,Course offerings based on official college websites and NIRF program lists. Verify current offerings with institution.
TN-ENG-004,BCA,Technology & Computing,Undergraduate,3,Full-Time,ELIG-BCA,Course offerings based on official college websites and NIRF program lists. Verify current offerings with institution.
TN-ENG-005,B.Tech Computer Science Engineering,Technology & Computing,Undergraduate,4,Full-Time,ELIG-BTECH-CS,Course offerings based on official college websites and NIRF program lists. Verify current offerings with institution.
TN-ENG-005,B.Tech Electronics and Communication Engineering,Engineering,Undergraduate,4,Full-Time,ELIG-BTECH-ENG,Course offerings based on official college websites and NIRF program lists. Verify current offerings with institution.
TN-ENG-005,B.Tech Mechanical Engineering,Engineering,Undergraduate,4,Full-Time,ELIG-BTECH-ENG,Course offerings based on official college websites and NIRF program lists. Verify current offerings with institution.
TN-ENG-005,B.Tech Civil Engineering,Engineering,Undergraduate,4,Full-Time,ELIG-BTECH-ENG,Course offerings based on official college websites and NIRF program lists. Verify current offerings with institution.
TN-ENG-005,B.Tech Electrical Engineering,Engineering,Undergraduate,4,Full-Time,ELIG-BTECH-ENG,Course offerings based on official college websites and NIRF program lists. Verify current offerings with institution.
TN-ENG-005,B.Tech Information Technology,Technology & Computing,Undergraduate,4,Full-Time,ELIG-BTECH-CS,Course offerings based on official college websites and NIRF program lists. Verify current offerings with institution.
TN-ENG-005,B.Tech Artificial Intelligence and Machine Learning,Technology & Computing,Undergraduate,4,Full-Time,ELIG-BTECH-CS,Course offerings based on official college websites and NIRF program lists. Verify current offerings with institution.
TN-ENG-005,B.Tech Data Science,Technology & Computing,Undergraduate,4,Full-Time,ELIG-BTECH-CS,Course offerings based on official college websites and NIRF program lists. Verify current offerings with institution.
TN-ENG-005,B.Com,Commerce & Finance,Undergraduate,3,Full-Time,ELIG-BCOM,Course offerings based on official college websites and NIRF program lists. Verify current offerings with institution.
TN-ENG-005,BBA,Business & Management,Undergraduate,3,Full-Time,ELIG-BBA,Course offerings based on official college websites and NIRF program lists. Verify current offerings with institution.
TN-ENG-005,B.Sc Physics,Physical & Mathematical Sciences,Undergraduate,3,Full-Time,ELIG-BSCPCM,Course offerings based on official college websites and NIRF program lists. Verify current offerings with institution.
TN-ENG-005,B.Sc Mathematics,Physical & Mathematical Sciences,Undergraduate,3,Full-Time,ELIG-BSCPCM,Course offerings based on official college websites and NIRF program lists. Verify current offerings with institution.
TN-ENG-005,B.Sc Chemistry,Physical & Mathematical Sciences,Undergraduate,3,Full-Time,ELIG-BSCPCM,Course offerings based on official college websites and NIRF program lists. Verify current offerings with institution.
TN-ENG-005,BCA,Technology & Computing,Undergraduate,3,Full-Time,ELIG-BCA,Course offerings based on official college websites and NIRF program lists. Verify current offerings with institution.
KL-ENG-003,B.Tech Computer Science Engineering,Technology & Computing,Undergraduate,4,Full-Time,ELIG-BTECH-CS,Course offerings based on official college websites and NIRF program lists. Verify current offerings with institution.
KL-ENG-003,B.Tech Electronics and Communication Engineering,Engineering,Undergraduate,4,Full-Time,ELIG-BTECH-ENG,Course offerings based on official college websites and NIRF program lists. Verify current offerings with institution.
KL-ENG-003,B.Tech Mechanical Engineering,Engineering,Undergraduate,4,Full-Time,ELIG-BTECH-ENG,Course offerings based on official college websites and NIRF program lists. Verify current offerings with institution.
KL-ENG-003,B.Tech Civil Engineering,Engineering,Undergraduate,4,Full-Time,ELIG-BTECH-ENG,Course offerings based on official college websites and NIRF program lists. Verify current offerings with institution.
KL-ENG-003,B.Tech Electrical Engineering,Engineering,Undergraduate,4,Full-Time,ELIG-BTECH-ENG,Course offerings based on official college websites and NIRF program lists. Verify current offerings with institution.
KL-ENG-003,B.Tech Information Technology,Technology & Computing,Undergraduate,4,Full-Time,ELIG-BTECH-CS,Course offerings based on official college websites and NIRF program lists. Verify current offerings with institution.
KL-ENG-003,B.Tech Artificial Intelligence and Machine Learning,Technology & Computing,Undergraduate,4,Full-Time,ELIG-BTECH-CS,Course offerings based on official college websites and NIRF program lists. Verify current offerings with institution.
KL-ENG-003,B.Tech Data Science,Technology & Computing,Undergraduate,4,Full-Time,ELIG-BTECH-CS,Course offerings based on official college websites and NIRF program lists. Verify current offerings with institution.
KL-ENG-003,B.Com,Commerce & Finance,Undergraduate,3,Full-Time,ELIG-BCOM,Course offerings based on official college websites and NIRF program lists. Verify current offerings with institution.
KL-ENG-003,BBA,Business & Management,Undergraduate,3,Full-Time,ELIG-BBA,Course offerings based on official college websites and NIRF program lists. Verify current offerings with institution.
KL-ENG-003,BCA,Technology & Computing,Undergraduate,3,Full-Time,ELIG-BCA,Course offerings based on official college websites and NIRF program lists. Verify current offerings with institution.
MH-MGT-002,B.Com,Commerce & Finance,Undergraduate,3,Full-Time,ELIG-BCOM,Course offerings based on official college websites and NIRF program lists. Verify current offerings with institution.
MH-MGT-002,BBA,Business & Management,Undergraduate,3,Full-Time,ELIG-BBA,Course offerings based on official college websites and NIRF program lists. Verify current offerings with institution.
MH-MGT-002,B.Sc Physics,Physical & Mathematical Sciences,Undergraduate,3,Full-Time,ELIG-BSCPCM,Course offerings based on official college websites and NIRF program lists. Verify current offerings with institution.
MH-MGT-002,B.Sc Mathematics,Physical & Mathematical Sciences,Undergraduate,3,Full-Time,ELIG-BSCPCM,Course offerings based on official college websites and NIRF program lists. Verify current offerings with institution.
MH-MGT-002,B.Sc Chemistry,Physical & Mathematical Sciences,Undergraduate,3,Full-Time,ELIG-BSCPCM,Course offerings based on official college websites and NIRF program lists. Verify current offerings with institution.
MH-MGT-002,BA LLB,Law & Legal Studies,Integrated,5,Full-Time,ELIG-LLB5,Course offerings based on official college websites and NIRF program lists. Verify current offerings with institution.
MH-MGT-002,BBA LLB,Law & Legal Studies,Integrated,5,Full-Time,ELIG-LLB5,Course offerings based on official college websites and NIRF program lists. Verify current offerings with institution.
MH-MGT-002,BCA,Technology & Computing,Undergraduate,3,Full-Time,ELIG-BCA,Course offerings based on official college websites and NIRF program lists. Verify current offerings with institution.
MH-MGT-002,B.Tech Computer Science Engineering,Technology & Computing,Undergraduate,4,Full-Time,ELIG-BTECH-CS,Course offerings based on official college websites and NIRF program lists. Verify current offerings with institution.
MH-MGT-002,B.Pharm,Medical & Health Sciences,Undergraduate Professional,4,Full-Time,ELIG-BPHARM,Course offerings based on official college websites and NIRF program lists. Verify current offerings with institution.
TN-ENG-003,B.Tech Computer Science Engineering,Technology & Computing,Undergraduate,4,Full-Time,ELIG-BTECH-CS,Course offerings based on official college websites and NIRF program lists. Verify current offerings with institution.
TN-ENG-003,B.Tech Electronics and Communication Engineering,Engineering,Undergraduate,4,Full-Time,ELIG-BTECH-ENG,Course offerings based on official college websites and NIRF program lists. Verify current offerings with institution.
TN-ENG-003,B.Tech Mechanical Engineering,Engineering,Undergraduate,4,Full-Time,ELIG-BTECH-ENG,Course offerings based on official college websites and NIRF program lists. Verify current offerings with institution.
TN-ENG-003,B.Tech Civil Engineering,Engineering,Undergraduate,4,Full-Time,ELIG-BTECH-ENG,Course offerings based on official college websites and NIRF program lists. Verify current offerings with institution.
TN-ENG-003,B.Tech Electrical Engineering,Engineering,Undergraduate,4,Full-Time,ELIG-BTECH-ENG,Course offerings based on official college websites and NIRF program lists. Verify current offerings with institution.
TN-ENG-003,B.Tech Information Technology,Technology & Computing,Undergraduate,4,Full-Time,ELIG-BTECH-CS,Course offerings based on official college websites and NIRF program lists. Verify current offerings with institution.
KL-ENG-002,B.Tech Computer Science Engineering,Technology & Computing,Undergraduate,4,Full-Time,ELIG-BTECH-CS,Course offerings based on official college websites and NIRF program lists. Verify current offerings with institution.
KL-ENG-002,B.Tech Electronics and Communication Engineering,Engineering,Undergraduate,4,Full-Time,ELIG-BTECH-ENG,Course offerings based on official college websites and NIRF program lists. Verify current offerings with institution.
KL-ENG-002,B.Tech Mechanical Engineering,Engineering,Undergraduate,4,Full-Time,ELIG-BTECH-ENG,Course offerings based on official college websites and NIRF program lists. Verify current offerings with institution.
KL-ENG-002,B.Tech Civil Engineering,Engineering,Undergraduate,4,Full-Time,ELIG-BTECH-ENG,Course offerings based on official college websites and NIRF program lists. Verify current offerings with institution.
KL-ENG-002,B.Tech Electrical Engineering,Engineering,Undergraduate,4,Full-Time,ELIG-BTECH-ENG,Course offerings based on official college websites and NIRF program lists. Verify current offerings with institution.
TS-ENG-005,B.Tech Computer Science Engineering,Technology & Computing,Undergraduate,4,Full-Time,ELIG-BTECH-CS,Course offerings based on official college websites and NIRF program lists. Verify current offerings with institution.
TS-ENG-005,B.Tech Electronics and Communication Engineering,Engineering,Undergraduate,4,Full-Time,ELIG-BTECH-ENG,Course offerings based on official college websites and NIRF program lists. Verify current offerings with institution.
TS-ENG-005,B.Tech Mechanical Engineering,Engineering,Undergraduate,4,Full-Time,ELIG-BTECH-ENG,Course offerings based on official college websites and NIRF program lists. Verify current offerings with institution.
TS-ENG-005,B.Tech Civil Engineering,Engineering,Undergraduate,4,Full-Time,ELIG-BTECH-ENG,Course offerings based on official college websites and NIRF program lists. Verify current offerings with institution.
TS-ENG-005,B.Tech Electrical Engineering,Engineering,Undergraduate,4,Full-Time,ELIG-BTECH-ENG,Course offerings based on official college websites and NIRF program lists. Verify current offerings with institution.
AP-ENG-003,B.Tech Computer Science Engineering,Technology & Computing,Undergraduate,4,Full-Time,ELIG-BTECH-CS,Course offerings based on official college websites and NIRF program lists. Verify current offerings with institution.
AP-ENG-003,B.Tech Electronics and Communication Engineering,Engineering,Undergraduate,4,Full-Time,ELIG-BTECH-ENG,Course offerings based on official college websites and NIRF program lists. Verify current offerings with institution.
AP-ENG-003,B.Tech Mechanical Engineering,Engineering,Undergraduate,4,Full-Time,ELIG-BTECH-ENG,Course offerings based on official college websites and NIRF program lists. Verify current offerings with institution.
AP-ENG-003,B.Tech Civil Engineering,Engineering,Undergraduate,4,Full-Time,ELIG-BTECH-ENG,Course offerings based on official college websites and NIRF program lists. Verify current offerings with institution.
AP-ENG-003,B.Tech Electrical Engineering,Engineering,Undergraduate,4,Full-Time,ELIG-BTECH-ENG,Course offerings based on official college websites and NIRF program lists. Verify current offerings with institution.
MH-ENG-003,B.Tech Computer Science Engineering,Technology & Computing,Undergraduate,4,Full-Time,ELIG-BTECH-CS,Course offerings based on official college websites and NIRF program lists. Verify current offerings with institution.
MH-ENG-003,B.Tech Electronics and Communication Engineering,Engineering,Undergraduate,4,Full-Time,ELIG-BTECH-ENG,Course offerings based on official college websites and NIRF program lists. Verify current offerings with institution.
MH-ENG-003,B.Tech Mechanical Engineering,Engineering,Undergraduate,4,Full-Time,ELIG-BTECH-ENG,Course offerings based on official college websites and NIRF program lists. Verify current offerings with institution.
MH-ENG-003,B.Tech Civil Engineering,Engineering,Undergraduate,4,Full-Time,ELIG-BTECH-ENG,Course offerings based on official college websites and NIRF program lists. Verify current offerings with institution.
MH-ENG-003,B.Tech Electrical Engineering,Engineering,Undergraduate,4,Full-Time,ELIG-BTECH-ENG,Course offerings based on official college websites and NIRF program lists. Verify current offerings with institution.
MH-ENG-003,B.Tech Information Technology,Technology & Computing,Undergraduate,4,Full-Time,ELIG-BTECH-CS,Course offerings based on official college websites and NIRF program lists. Verify current offerings with institution.
DL-ENG-002,B.Tech Computer Science Engineering,Technology & Computing,Undergraduate,4,Full-Time,ELIG-BTECH-CS,Course offerings based on official college websites and NIRF program lists. Verify current offerings with institution.
DL-ENG-002,B.Tech Electronics and Communication Engineering,Engineering,Undergraduate,4,Full-Time,ELIG-BTECH-ENG,Course offerings based on official college websites and NIRF program lists. Verify current offerings with institution.
DL-ENG-002,B.Tech Mechanical Engineering,Engineering,Undergraduate,4,Full-Time,ELIG-BTECH-ENG,Course offerings based on official college websites and NIRF program lists. Verify current offerings with institution.
DL-ENG-002,B.Tech Civil Engineering,Engineering,Undergraduate,4,Full-Time,ELIG-BTECH-ENG,Course offerings based on official college websites and NIRF program lists. Verify current offerings with institution.
DL-ENG-002,B.Tech Electrical Engineering,Engineering,Undergraduate,4,Full-Time,ELIG-BTECH-ENG,Course offerings based on official college websites and NIRF program lists. Verify current offerings with institution.
DL-ENG-002,B.Tech Information Technology,Technology & Computing,Undergraduate,4,Full-Time,ELIG-BTECH-CS,Course offerings based on official college websites and NIRF program lists. Verify current offerings with institution.
DL-ENG-002,B.Tech Artificial Intelligence and Machine Learning,Technology & Computing,Undergraduate,4,Full-Time,ELIG-BTECH-CS,Course offerings based on official college websites and NIRF program lists. Verify current offerings with institution.
DL-ENG-002,B.Tech Data Science,Technology & Computing,Undergraduate,4,Full-Time,ELIG-BTECH-CS,Course offerings based on official college websites and NIRF program lists. Verify current offerings with institution.
DL-ENG-003,B.Tech Computer Science Engineering,Technology & Computing,Undergraduate,4,Full-Time,ELIG-BTECH-CS,Course offerings based on official college websites and NIRF program lists. Verify current offerings with institution.
DL-ENG-003,B.Tech Electronics and Communication Engineering,Engineering,Undergraduate,4,Full-Time,ELIG-BTECH-ENG,Course offerings based on official college websites and NIRF program lists. Verify current offerings with institution.
DL-ENG-003,B.Tech Mechanical Engineering,Engineering,Undergraduate,4,Full-Time,ELIG-BTECH-ENG,Course offerings based on official college websites and NIRF program lists. Verify current offerings with institution.
DL-ENG-003,B.Tech Civil Engineering,Engineering,Undergraduate,4,Full-Time,ELIG-BTECH-ENG,Course offerings based on official college websites and NIRF program lists. Verify current offerings with institution.
DL-ENG-003,B.Tech Electrical Engineering,Engineering,Undergraduate,4,Full-Time,ELIG-BTECH-ENG,Course offerings based on official college websites and NIRF program lists. Verify current offerings with institution.
DL-ENG-003,B.Tech Information Technology,Technology & Computing,Undergraduate,4,Full-Time,ELIG-BTECH-CS,Course offerings based on official college websites and NIRF program lists. Verify current offerings with institution.
DL-ENG-003,B.Tech Artificial Intelligence and Machine Learning,Technology & Computing,Undergraduate,4,Full-Time,ELIG-BTECH-CS,Course offerings based on official college websites and NIRF program lists. Verify current offerings with institution.
DL-ENG-003,B.Tech Data Science,Technology & Computing,Undergraduate,4,Full-Time,ELIG-BTECH-CS,Course offerings based on official college websites and NIRF program lists. Verify current offerings with institution.
TN-ENG-006,B.Tech Computer Science Engineering,Technology & Computing,Undergraduate,4,Full-Time,ELIG-BTECH-CS,Course offerings based on official college websites and NIRF program lists. Verify current offerings with institution.
TN-ENG-006,B.Tech Electronics and Communication Engineering,Engineering,Undergraduate,4,Full-Time,ELIG-BTECH-ENG,Course offerings based on official college websites and NIRF program lists. Verify current offerings with institution.
TN-ENG-006,B.Tech Mechanical Engineering,Engineering,Undergraduate,4,Full-Time,ELIG-BTECH-ENG,Course offerings based on official college websites and NIRF program lists. Verify current offerings with institution.
TN-ENG-006,B.Tech Civil Engineering,Engineering,Undergraduate,4,Full-Time,ELIG-BTECH-ENG,Course offerings based on official college websites and NIRF program lists. Verify current offerings with institution.
TN-ENG-006,B.Tech Electrical Engineering,Engineering,Undergraduate,4,Full-Time,ELIG-BTECH-ENG,Course offerings based on official college websites and NIRF program lists. Verify current offerings with institution.
TN-ENG-006,B.Tech Information Technology,Technology & Computing,Undergraduate,4,Full-Time,ELIG-BTECH-CS,Course offerings based on official college websites and NIRF program lists. Verify current offerings with institution.
GJ-ENG-003,B.Tech Computer Science Engineering,Technology & Computing,Undergraduate,4,Full-Time,ELIG-BTECH-CS,Course offerings based on official college websites and NIRF program lists. Verify current offerings with institution.
GJ-ENG-003,B.Tech Information and Communication Technology,Technology & Computing,Undergraduate,4,Full-Time,ELIG-BTECH-CS,Course offerings based on official college websites and NIRF program lists. Verify current offerings with institution.
MH-ENG-004,B.Tech Chemical Engineering,Engineering,Undergraduate,4,Full-Time,ELIG-BTECH-ENG,Course offerings based on official college websites and NIRF program lists. Verify current offerings with institution.
MH-ENG-004,B.Pharm,Medical & Health Sciences,Undergraduate Professional,4,Full-Time,ELIG-BPHARM,Course offerings based on official college websites and NIRF program lists. Verify current offerings with institution.
MH-ENG-004,B.Tech Computer Science Engineering,Technology & Computing,Undergraduate,4,Full-Time,ELIG-BTECH-CS,Course offerings based on official college websites and NIRF program lists. Verify current offerings with institution.
KA-MED-001,MBBS,Medical & Health Sciences,Undergraduate Professional,5.5,Full-Time,ELIG-MBBS,Course offerings based on official college websites and NIRF program lists. Verify current offerings with institution.
KA-MED-002,MBBS,Medical & Health Sciences,Undergraduate Professional,5.5,Full-Time,ELIG-MBBS,Course offerings based on official college websites and NIRF program lists. Verify current offerings with institution.
KA-MED-003,MBBS,Medical & Health Sciences,Undergraduate Professional,5.5,Full-Time,ELIG-MBBS,Course offerings based on official college websites and NIRF program lists. Verify current offerings with institution.
KA-MED-004,MBBS,Medical & Health Sciences,Undergraduate Professional,5.5,Full-Time,ELIG-MBBS,Course offerings based on official college websites and NIRF program lists. Verify current offerings with institution.
TN-MED-001,MBBS,Medical & Health Sciences,Undergraduate Professional,5.5,Full-Time,ELIG-MBBS,Course offerings based on official college websites and NIRF program lists. Verify current offerings with institution.
TN-MED-002,MBBS,Medical & Health Sciences,Undergraduate Professional,5.5,Full-Time,ELIG-MBBS,Course offerings based on official college websites and NIRF program lists. Verify current offerings with institution.
TN-MED-003,MBBS,Medical & Health Sciences,Undergraduate Professional,5.5,Full-Time,ELIG-MBBS,Course offerings based on official college websites and NIRF program lists. Verify current offerings with institution.
TN-MED-003,B.Sc Nursing,Medical & Health Sciences,Undergraduate Professional,4,Full-Time,ELIG-BSCNURSING,Course offerings based on official college websites and NIRF program lists. Verify current offerings with institution.
KL-MED-001,MBBS,Medical & Health Sciences,Undergraduate Professional,5.5,Full-Time,ELIG-MBBS,Course offerings based on official college websites and NIRF program lists. Verify current offerings with institution.
KL-MED-002,MBBS,Medical & Health Sciences,Undergraduate Professional,5.5,Full-Time,ELIG-MBBS,Course offerings based on official college websites and NIRF program lists. Verify current offerings with institution.
KL-MED-003,MBBS,Medical & Health Sciences,Undergraduate Professional,5.5,Full-Time,ELIG-MBBS,Course offerings based on official college websites and NIRF program lists. Verify current offerings with institution.
KL-MED-003,B.Sc Nursing,Medical & Health Sciences,Undergraduate Professional,4,Full-Time,ELIG-BSCNURSING,Course offerings based on official college websites and NIRF program lists. Verify current offerings with institution.
TS-MED-001,MBBS,Medical & Health Sciences,Undergraduate Professional,5.5,Full-Time,ELIG-MBBS,Course offerings based on official college websites and NIRF program lists. Verify current offerings with institution.
TS-MED-002,MBBS,Medical & Health Sciences,Undergraduate Professional,5.5,Full-Time,ELIG-MBBS,Course offerings based on official college websites and NIRF program lists. Verify current offerings with institution.
AP-MED-001,MBBS,Medical & Health Sciences,Undergraduate Professional,5.5,Full-Time,ELIG-MBBS,Course offerings based on official college websites and NIRF program lists. Verify current offerings with institution.
AP-MED-002,MBBS,Medical & Health Sciences,Undergraduate Professional,5.5,Full-Time,ELIG-MBBS,Course offerings based on official college websites and NIRF program lists. Verify current offerings with institution.
MH-MED-001,MBBS,Medical & Health Sciences,Undergraduate Professional,5.5,Full-Time,ELIG-MBBS,Course offerings based on official college websites and NIRF program lists. Verify current offerings with institution.
MH-MED-002,MBBS,Medical & Health Sciences,Undergraduate Professional,5.5,Full-Time,ELIG-MBBS,Course offerings based on official college websites and NIRF program lists. Verify current offerings with institution.
MH-MED-003,MBBS,Medical & Health Sciences,Undergraduate Professional,5.5,Full-Time,ELIG-MBBS,Course offerings based on official college websites and NIRF program lists. Verify current offerings with institution.
MH-MED-004,MBBS,Medical & Health Sciences,Undergraduate Professional,5.5,Full-Time,ELIG-MBBS,Course offerings based on official college websites and NIRF program lists. Verify current offerings with institution.
DL-MED-001,MBBS,Medical & Health Sciences,Undergraduate Professional,5.5,Full-Time,ELIG-MBBS,Course offerings based on official college websites and NIRF program lists. Verify current offerings with institution.
DL-MED-001,B.Sc Nursing,Medical & Health Sciences,Undergraduate Professional,4,Full-Time,ELIG-BSCNURSING,Course offerings based on official college websites and NIRF program lists. Verify current offerings with institution.
DL-MED-002,MBBS,Medical & Health Sciences,Undergraduate Professional,5.5,Full-Time,ELIG-MBBS,Course offerings based on official college websites and NIRF program lists. Verify current offerings with institution.
DL-MED-003,MBBS,Medical & Health Sciences,Undergraduate Professional,5.5,Full-Time,ELIG-MBBS,Course offerings based on official college websites and NIRF program lists. Verify current offerings with institution.
GJ-MED-001,MBBS,Medical & Health Sciences,Undergraduate Professional,5.5,Full-Time,ELIG-MBBS,Course offerings based on official college websites and NIRF program lists. Verify current offerings with institution.
UP-MED-001,MBBS,Medical & Health Sciences,Undergraduate Professional,5.5,Full-Time,ELIG-MBBS,Course offerings based on official college websites and NIRF program lists. Verify current offerings with institution.
UP-MED-002,MBBS,Medical & Health Sciences,Undergraduate Professional,5.5,Full-Time,ELIG-MBBS,Course offerings based on official college websites and NIRF program lists. Verify current offerings with institution.
KA-LAW-001,BA LLB,Law & Legal Studies,Integrated,5,Full-Time,ELIG-LLB5,Course offerings based on official college websites and NIRF program lists. Verify current offerings with institution.
KA-LAW-001,BBA LLB,Law & Legal Studies,Integrated,5,Full-Time,ELIG-LLB5,Course offerings based on official college websites and NIRF program lists. Verify current offerings with institution.
TN-LAW-001,BA LLB,Law & Legal Studies,Integrated,5,Full-Time,ELIG-LLB5,Course offerings based on official college websites and NIRF program lists. Verify current offerings with institution.
TN-LAW-001,BBA LLB,Law & Legal Studies,Integrated,5,Full-Time,ELIG-LLB5,Course offerings based on official college websites and NIRF program lists. Verify current offerings with institution.
KL-LAW-001,BA LLB,Law & Legal Studies,Integrated,5,Full-Time,ELIG-LLB5,Course offerings based on official college websites and NIRF program lists. Verify current offerings with institution.
KL-LAW-001,BBA LLB,Law & Legal Studies,Integrated,5,Full-Time,ELIG-LLB5,Course offerings based on official college websites and NIRF program lists. Verify current offerings with institution.
TS-LAW-001,BA LLB,Law & Legal Studies,Integrated,5,Full-Time,ELIG-LLB5,Course offerings based on official college websites and NIRF program lists. Verify current offerings with institution.
TS-LAW-001,BBA LLB,Law & Legal Studies,Integrated,5,Full-Time,ELIG-LLB5,Course offerings based on official college websites and NIRF program lists. Verify current offerings with institution.
AP-LAW-001,BA LLB,Law & Legal Studies,Integrated,5,Full-Time,ELIG-LLB5,Course offerings based on official college websites and NIRF program lists. Verify current offerings with institution.
AP-LAW-001,BBA LLB,Law & Legal Studies,Integrated,5,Full-Time,ELIG-LLB5,Course offerings based on official college websites and NIRF program lists. Verify current offerings with institution.
MH-LAW-001,BA LLB,Law & Legal Studies,Integrated,5,Full-Time,ELIG-LLB5,Course offerings based on official college websites and NIRF program lists. Verify current offerings with institution.
MH-LAW-001,BBA LLB,Law & Legal Studies,Integrated,5,Full-Time,ELIG-LLB5,Course offerings based on official college websites and NIRF program lists. Verify current offerings with institution.
MH-LAW-002,BA LLB,Law & Legal Studies,Integrated,5,Full-Time,ELIG-LLB5,Course offerings based on official college websites and NIRF program lists. Verify current offerings with institution.
MH-LAW-002,BBA LLB,Law & Legal Studies,Integrated,5,Full-Time,ELIG-LLB5,Course offerings based on official college websites and NIRF program lists. Verify current offerings with institution.
DL-LAW-001,BA LLB,Law & Legal Studies,Integrated,5,Full-Time,ELIG-LLB5,Course offerings based on official college websites and NIRF program lists. Verify current offerings with institution.
DL-LAW-001,BBA LLB,Law & Legal Studies,Integrated,5,Full-Time,ELIG-LLB5,Course offerings based on official college websites and NIRF program lists. Verify current offerings with institution.
DL-LAW-002,BA LLB,Law & Legal Studies,Integrated,5,Full-Time,ELIG-LLB5,Course offerings based on official college websites and NIRF program lists. Verify current offerings with institution.
DL-LAW-002,BBA LLB,Law & Legal Studies,Integrated,5,Full-Time,ELIG-LLB5,Course offerings based on official college websites and NIRF program lists. Verify current offerings with institution.
GJ-LAW-001,BA LLB,Law & Legal Studies,Integrated,5,Full-Time,ELIG-LLB5,Course offerings based on official college websites and NIRF program lists. Verify current offerings with institution.
GJ-LAW-001,BBA LLB,Law & Legal Studies,Integrated,5,Full-Time,ELIG-LLB5,Course offerings based on official college websites and NIRF program lists. Verify current offerings with institution.
UP-LAW-001,BA LLB,Law & Legal Studies,Integrated,5,Full-Time,ELIG-LLB5,Course offerings based on official college websites and NIRF program lists. Verify current offerings with institution.
UP-LAW-001,BBA LLB,Law & Legal Studies,Integrated,5,Full-Time,ELIG-LLB5,Course offerings based on official college websites and NIRF program lists. Verify current offerings with institution.
KA-PHR-001,B.Pharm,Medical & Health Sciences,Undergraduate Professional,4,Full-Time,ELIG-BPHARM,Course offerings based on official college websites and NIRF program lists. Verify current offerings with institution.
KA-PHR-001,Pharm.D,Medical & Health Sciences,Undergraduate Professional,6,Full-Time,ELIG-PHARMD,Course offerings based on official college websites and NIRF program lists. Verify current offerings with institution.
TN-PHR-001,B.Pharm,Medical & Health Sciences,Undergraduate Professional,4,Full-Time,ELIG-BPHARM,Course offerings based on official college websites and NIRF program lists. Verify current offerings with institution.
TN-PHR-001,Pharm.D,Medical & Health Sciences,Undergraduate Professional,6,Full-Time,ELIG-PHARMD,Course offerings based on official college websites and NIRF program lists. Verify current offerings with institution.
TS-PHR-001,B.Pharm,Medical & Health Sciences,Undergraduate Professional,4,Full-Time,ELIG-BPHARM,Course offerings based on official college websites and NIRF program lists. Verify current offerings with institution.
TS-PHR-001,Pharm.D,Medical & Health Sciences,Undergraduate Professional,6,Full-Time,ELIG-PHARMD,Course offerings based on official college websites and NIRF program lists. Verify current offerings with institution.
MH-PHR-001,B.Pharm,Medical & Health Sciences,Undergraduate Professional,4,Full-Time,ELIG-BPHARM,Course offerings based on official college websites and NIRF program lists. Verify current offerings with institution.
MH-PHR-001,Pharm.D,Medical & Health Sciences,Undergraduate Professional,6,Full-Time,ELIG-PHARMD,Course offerings based on official college websites and NIRF program lists. Verify current offerings with institution.
GJ-PHR-001,B.Pharm,Medical & Health Sciences,Undergraduate Professional,4,Full-Time,ELIG-BPHARM,Course offerings based on official college websites and NIRF program lists. Verify current offerings with institution.
GJ-PHR-001,Pharm.D,Medical & Health Sciences,Undergraduate Professional,6,Full-Time,ELIG-PHARMD,Course offerings based on official college websites and NIRF program lists. Verify current offerings with institution.
KA-AGR-001,B.Sc Agriculture,Agriculture Environment & Food,Undergraduate,4,Full-Time,ELIG-BSCAGR,Course offerings based on official college websites and NIRF program lists. Verify current offerings with institution.
KA-AGR-001,B.Sc Horticulture,Agriculture Environment & Food,Undergraduate,4,Full-Time,ELIG-BSCAGR,Course offerings based on official college websites and NIRF program lists. Verify current offerings with institution.
KA-AGR-002,B.Sc Agriculture,Agriculture Environment & Food,Undergraduate,4,Full-Time,ELIG-BSCAGR,Course offerings based on official college websites and NIRF program lists. Verify current offerings with institution.
KA-AGR-002,B.Sc Forestry,Agriculture Environment & Food,Undergraduate,4,Full-Time,ELIG-BSCAGR,Course offerings based on official college websites and NIRF program lists. Verify current offerings with institution.
TN-AGR-001,B.Sc Agriculture,Agriculture Environment & Food,Undergraduate,4,Full-Time,ELIG-BSCAGR,Course offerings based on official college websites and NIRF program lists. Verify current offerings with institution.
TN-AGR-001,B.Sc Horticulture,Agriculture Environment & Food,Undergraduate,4,Full-Time,ELIG-BSCAGR,Course offerings based on official college websites and NIRF program lists. Verify current offerings with institution.
KL-AGR-001,B.Sc Agriculture,Agriculture Environment & Food,Undergraduate,4,Full-Time,ELIG-BSCAGR,Course offerings based on official college websites and NIRF program lists. Verify current offerings with institution.
AP-AGR-001,B.Sc Agriculture,Agriculture Environment & Food,Undergraduate,4,Full-Time,ELIG-BSCAGR,Course offerings based on official college websites and NIRF program lists. Verify current offerings with institution.
GJ-AGR-001,B.Sc Agriculture,Agriculture Environment & Food,Undergraduate,4,Full-Time,ELIG-BSCAGR,Course offerings based on official college websites and NIRF program lists. Verify current offerings with institution.
UP-AGR-001,B.Sc Agriculture,Agriculture Environment & Food,Undergraduate,4,Full-Time,ELIG-BSCAGR,Course offerings based on official college websites and NIRF program lists. Verify current offerings with institution.
UP-AGR-001,B.Tech Agricultural Engineering,Agriculture Environment & Food,Undergraduate,4,Full-Time,ELIG-BTECH-ENG,Course offerings based on official college websites and NIRF program lists. Verify current offerings with institution.
UP-AGR-001,B.Sc Food Technology,Agriculture Environment & Food,Undergraduate,4,Full-Time,ELIG-BSCENV,Course offerings based on official college websites and NIRF program lists. Verify current offerings with institution.
KA-MGT-001,BBA,Business & Management,Undergraduate,3,Full-Time,ELIG-BBA,Course offerings based on official college websites and NIRF program lists. Verify current offerings with institution.
TN-MGT-001,BBA,Business & Management,Undergraduate,3,Full-Time,ELIG-BBA,Course offerings based on official college websites and NIRF program lists. Verify current offerings with institution.
KL-MGT-001,BBA,Business & Management,Undergraduate,3,Full-Time,ELIG-BBA,Course offerings based on official college websites and NIRF program lists. Verify current offerings with institution.
GJ-MGT-001,BBA,Business & Management,Undergraduate,3,Full-Time,ELIG-BBA,Course offerings based on official college websites and NIRF program lists. Verify current offerings with institution.
DL-MGT-001,BBA,Business & Management,Undergraduate,3,Full-Time,ELIG-BBA,Course offerings based on official college websites and NIRF program lists. Verify current offerings with institution.
UP-MGT-001,BBA,Business & Management,Undergraduate,3,Full-Time,ELIG-BBA,Course offerings based on official college websites and NIRF program lists. Verify current offerings with institution.
MH-MGT-001,BBA,Business & Management,Undergraduate,3,Full-Time,ELIG-BBA,Course offerings based on official college websites and NIRF program lists. Verify current offerings with institution.
KA-DES-001,B.Des,Design Media & Creative,Undergraduate,4,Full-Time,ELIG-BDES,Course offerings based on official college websites and NIRF program lists. Verify current offerings with institution.
TN-DES-001,B.Des,Design Media & Creative,Undergraduate,4,Full-Time,ELIG-BDES,Course offerings based on official college websites and NIRF program lists. Verify current offerings with institution.
MH-DES-001,B.Des,Design Media & Creative,Undergraduate,4,Full-Time,ELIG-BDES,Course offerings based on official college websites and NIRF program lists. Verify current offerings with institution.
DL-DES-001,B.Des,Design Media & Creative,Undergraduate,4,Full-Time,ELIG-BDES,Course offerings based on official college websites and NIRF program lists. Verify current offerings with institution.
GJ-DES-001,B.Des,Design Media & Creative,Undergraduate,4,Full-Time,ELIG-BDES,Course offerings based on official college websites and NIRF program lists. Verify current offerings with institution.
KA-SCI-001,Integrated M.Sc / BS-MS,Physical & Mathematical Sciences,Integrated,5,Full-Time,ELIG-INTEGRATED-MS,Course offerings based on official college websites and NIRF program lists. Verify current offerings with institution.
KL-SCI-001,Integrated M.Sc / BS-MS,Physical & Mathematical Sciences,Integrated,5,Full-Time,ELIG-INTEGRATED-MS,Course offerings based on official college websites and NIRF program lists. Verify current offerings with institution.
MH-SCI-001,Integrated M.Sc / BS-MS,Physical & Mathematical Sciences,Integrated,5,Full-Time,ELIG-INTEGRATED-MS,Course offerings based on official college websites and NIRF program lists. Verify current offerings with institution.
TS-SCI-001,B.Sc Physics,Physical & Mathematical Sciences,Undergraduate,3,Full-Time,ELIG-BSCPCM,Course offerings based on official college websites and NIRF program lists. Verify current offerings with institution.
TS-SCI-001,B.Sc Mathematics,Physical & Mathematical Sciences,Undergraduate,3,Full-Time,ELIG-BSCPCM,Course offerings based on official college websites and NIRF program lists. Verify current offerings with institution.
TS-SCI-001,B.Sc Chemistry,Physical & Mathematical Sciences,Undergraduate,3,Full-Time,ELIG-BSCPCM,Course offerings based on official college websites and NIRF program lists. Verify current offerings with institution.
TS-SCI-001,B.Sc Biotechnology,Life Sciences & Biotechnology,Undergraduate,3,Full-Time,ELIG-BSCPCB,Course offerings based on official college websites and NIRF program lists. Verify current offerings with institution.
TS-SCI-001,B.Sc Microbiology,Life Sciences & Biotechnology,Undergraduate,3,Full-Time,ELIG-BSCPCB,Course offerings based on official college websites and NIRF program lists. Verify current offerings with institution.
TS-SCI-001,BBA,Business & Management,Undergraduate,3,Full-Time,ELIG-BBA,Course offerings based on official college websites and NIRF program lists. Verify current offerings with institution.
TS-SCI-001,BCA,Technology & Computing,Undergraduate,3,Full-Time,ELIG-BCA,Course offerings based on official college websites and NIRF program lists. Verify current offerings with institution.
TN-COM-001,B.Com,Commerce & Finance,Undergraduate,3,Full-Time,ELIG-BCOM,Course offerings based on official college websites and NIRF program lists. Verify current offerings with institution.
TN-COM-001,BBA,Business & Management,Undergraduate,3,Full-Time,ELIG-BBA,Course offerings based on official college websites and NIRF program lists. Verify current offerings with institution.
TN-COM-001,B.Sc Physics,Physical & Mathematical Sciences,Undergraduate,3,Full-Time,ELIG-BSCPCM,Course offerings based on official college websites and NIRF program lists. Verify current offerings with institution.
TN-COM-001,B.Sc Mathematics,Physical & Mathematical Sciences,Undergraduate,3,Full-Time,ELIG-BSCPCM,Course offerings based on official college websites and NIRF program lists. Verify current offerings with institution.
TN-COM-001,B.Sc Chemistry,Physical & Mathematical Sciences,Undergraduate,3,Full-Time,ELIG-BSCPCM,Course offerings based on official college websites and NIRF program lists. Verify current offerings with institution.
TN-COM-001,B.Sc Biotechnology,Life Sciences & Biotechnology,Undergraduate,3,Full-Time,ELIG-BSCPCB,Course offerings based on official college websites and NIRF program lists. Verify current offerings with institution.
TN-COM-001,B.Sc Microbiology,Life Sciences & Biotechnology,Undergraduate,3,Full-Time,ELIG-BSCPCB,Course offerings based on official college websites and NIRF program lists. Verify current offerings with institution.
TN-SCI-001,B.Sc Physics,Physical & Mathematical Sciences,Undergraduate,3,Full-Time,ELIG-BSCPCM,Course offerings based on official college websites and NIRF program lists. Verify current offerings with institution.
TN-SCI-001,B.Sc Mathematics,Physical & Mathematical Sciences,Undergraduate,3,Full-Time,ELIG-BSCPCM,Course offerings based on official college websites and NIRF program lists. Verify current offerings with institution.
TN-SCI-001,B.Sc Chemistry,Physical & Mathematical Sciences,Undergraduate,3,Full-Time,ELIG-BSCPCM,Course offerings based on official college websites and NIRF program lists. Verify current offerings with institution.
TN-SCI-001,B.Sc Biotechnology,Life Sciences & Biotechnology,Undergraduate,3,Full-Time,ELIG-BSCPCB,Course offerings based on official college websites and NIRF program lists. Verify current offerings with institution.
TN-SCI-001,B.Sc Microbiology,Life Sciences & Biotechnology,Undergraduate,3,Full-Time,ELIG-BSCPCB,Course offerings based on official college websites and NIRF program lists. Verify current offerings with institution.
TN-SCI-001,B.Com,Commerce & Finance,Undergraduate,3,Full-Time,ELIG-BCOM,Course offerings based on official college websites and NIRF program lists. Verify current offerings with institution.
MH-COM-001,B.Com,Commerce & Finance,Undergraduate,3,Full-Time,ELIG-BCOM,Course offerings based on official college websites and NIRF program lists. Verify current offerings with institution.
MH-COM-001,BBA,Business & Management,Undergraduate,3,Full-Time,ELIG-BBA,Course offerings based on official college websites and NIRF program lists. Verify current offerings with institution.
DL-COM-001,B.Com,Commerce & Finance,Undergraduate,3,Full-Time,ELIG-BCOM,Course offerings based on official college websites and NIRF program lists. Verify current offerings with institution.
DL-COM-001,BBA,Business & Management,Undergraduate,3,Full-Time,ELIG-BBA,Course offerings based on official college websites and NIRF program lists. Verify current offerings with institution.
DL-COM-002,B.Com,Commerce & Finance,Undergraduate,3,Full-Time,ELIG-BCOM,Course offerings based on official college websites and NIRF program lists. Verify current offerings with institution.
DL-COM-002,B.Sc Physics,Physical & Mathematical Sciences,Undergraduate,3,Full-Time,ELIG-BSCPCM,Course offerings based on official college websites and NIRF program lists. Verify current offerings with institution.
DL-COM-002,B.Sc Mathematics,Physical & Mathematical Sciences,Undergraduate,3,Full-Time,ELIG-BSCPCM,Course offerings based on official college websites and NIRF program lists. Verify current offerings with institution.
DL-COM-002,B.Sc Chemistry,Physical & Mathematical Sciences,Undergraduate,3,Full-Time,ELIG-BSCPCM,Course offerings based on official college websites and NIRF program lists. Verify current offerings with institution.
DL-COM-002,B.Sc Biotechnology,Life Sciences & Biotechnology,Undergraduate,3,Full-Time,ELIG-BSCPCB,Course offerings based on official college websites and NIRF program lists. Verify current offerings with institution.
DL-COM-002,B.Sc Microbiology,Life Sciences & Biotechnology,Undergraduate,3,Full-Time,ELIG-BSCPCB,Course offerings based on official college websites and NIRF program lists. Verify current offerings with institution.
DL-COM-003,B.Com,Commerce & Finance,Undergraduate,3,Full-Time,ELIG-BCOM,Course offerings based on official college websites and NIRF program lists. Verify current offerings with institution.
DL-COM-003,BBA,Business & Management,Undergraduate,3,Full-Time,ELIG-BBA,Course offerings based on official college websites and NIRF program lists. Verify current offerings with institution.
DL-COM-003,B.Sc Physics,Physical & Mathematical Sciences,Undergraduate,3,Full-Time,ELIG-BSCPCM,Course offerings based on official college websites and NIRF program lists. Verify current offerings with institution.
DL-COM-003,B.Sc Mathematics,Physical & Mathematical Sciences,Undergraduate,3,Full-Time,ELIG-BSCPCM,Course offerings based on official college websites and NIRF program lists. Verify current offerings with institution.
DL-COM-003,B.Sc Chemistry,Physical & Mathematical Sciences,Undergraduate,3,Full-Time,ELIG-BSCPCM,Course offerings based on official college websites and NIRF program lists. Verify current offerings with institution.
DL-SCI-001,B.Sc Physics,Physical & Mathematical Sciences,Undergraduate,3,Full-Time,ELIG-BSCPCM,Course offerings based on official college websites and NIRF program lists. Verify current offerings with institution.
DL-SCI-001,B.Sc Mathematics,Physical & Mathematical Sciences,Undergraduate,3,Full-Time,ELIG-BSCPCM,Course offerings based on official college websites and NIRF program lists. Verify current offerings with institution.
DL-SCI-001,B.Sc Chemistry,Physical & Mathematical Sciences,Undergraduate,3,Full-Time,ELIG-BSCPCM,Course offerings based on official college websites and NIRF program lists. Verify current offerings with institution.
DL-SCI-001,B.Com,Commerce & Finance,Undergraduate,3,Full-Time,ELIG-BCOM,Course offerings based on official college websites and NIRF program lists. Verify current offerings with institution.
UP-SCI-001,B.Sc Physics,Physical & Mathematical Sciences,Undergraduate,3,Full-Time,ELIG-BSCPCM,Course offerings based on official college websites and NIRF program lists. Verify current offerings with institution.
UP-SCI-001,B.Sc Mathematics,Physical & Mathematical Sciences,Undergraduate,3,Full-Time,ELIG-BSCPCM,Course offerings based on official college websites and NIRF program lists. Verify current offerings with institution.
UP-SCI-001,B.Sc Chemistry,Physical & Mathematical Sciences,Undergraduate,3,Full-Time,ELIG-BSCPCM,Course offerings based on official college websites and NIRF program lists. Verify current offerings with institution.
UP-SCI-001,B.Sc Biotechnology,Life Sciences & Biotechnology,Undergraduate,3,Full-Time,ELIG-BSCPCB,Course offerings based on official college websites and NIRF program lists. Verify current offerings with institution.
UP-SCI-001,B.Sc Microbiology,Life Sciences & Biotechnology,Undergraduate,3,Full-Time,ELIG-BSCPCB,Course offerings based on official college websites and NIRF program lists. Verify current offerings with institution.
UP-SCI-001,B.Com,Commerce & Finance,Undergraduate,3,Full-Time,ELIG-BCOM,Course offerings based on official college websites and NIRF program lists. Verify current offerings with institution.
UP-SCI-001,BBA,Business & Management,Undergraduate,3,Full-Time,ELIG-BBA,Course offerings based on official college websites and NIRF program lists. Verify current offerings with institution.
UP-SCI-001,BCA,Technology & Computing,Undergraduate,3,Full-Time,ELIG-BCA,Course offerings based on official college websites and NIRF program lists. Verify current offerings with institution.
